id,first_name,last_name,email,gender,contactNo,country,dob
1,Kenon,McMurthy,kmcmurthy0@eventbrite.com,Male,11-677-7863,China,4/26/2023
2,Grace,Giannazzo,ggiannazzo1@dyndns.org,Male,12-972-9466,Mali,2/27/2023
3,Shawn,Ferrarini,sferrarini2@ihg.com,Male,55-578-7727,China,9/2/2022
4,Krishnah,Farrer,kfarrer3@ezinearticles.com,Male,05-059-3661,Japan,2/24/2023
5,Sydney,Kurtis,skurtis4@admin.ch,Male,75-080-1864,Indonesia,7/8/2022
6,Igor,Bocock,ibocock5@multiply.com,Male,89-586-1740,Indonesia,2/4/2023
7,Hyacinth,Ninotti,hninotti6@twitpic.com,Polygender,01-713-6756,Faroe Islands,1/22/2023
8,Durward,Ianinotti,dianinotti7@cbc.ca,Male,17-162-5250,Pakistan,7/7/2022
9,Damon,Mowat,dmowat8@free.fr,Male,93-565-3724,China,9/30/2022
10,Gustaf,Pusey,gpusey9@wikia.com,Male,45-871-3571,Czech Republic,1/20/2023
11,Darryl,Downe,ddownea@dropbox.com,Female,47-323-8826,China,7/16/2022
12,Rodd,Bendon,rbendonb@oakley.com,Male,86-820-5484,Nepal,5/20/2023
13,Arnaldo,Aron,aaronc@nature.com,Male,59-967-4315,Belgium,12/22/2022
14,Margarethe,Farryan,mfarryand@nbcnews.com,Female,99-722-7645,France,12/27/2022
15,Carolyne,Szymanowicz,cszymanowicze@devhub.com,Female,11-215-7345,Philippines,5/2/2023
16,Mildred,Dorkens,mdorkensf@squarespace.com,Female,30-543-7523,Tajikistan,9/9/2022
17,Marya,Keogh,mkeoghg@networkadvertising.org,Genderfluid,49-027-2023,Philippines,2/27/2023
18,Kaitlynn,Labell,klabellh@cmu.edu,Bigender,25-192-6000,Greece,7/11/2022
19,Batsheva,Dennitts,bdennittsi@whitehouse.gov,Female,57-150-4233,Dominican Republic,10/21/2022
20,Lowrance,Scamal,lscamalj@tinypic.com,Male,60-697-2406,Philippines,11/6/2022
21,Lovell,Speariett,lspeariettk@goo.gl,Genderqueer,84-584-7458,China,6/23/2022
22,Leilah,McTerrelly,lmcterrellyl@behance.net,Female,62-221-0289,Japan,9/30/2022
23,Carie,Bagg,cbaggm@prweb.com,Female,15-654-1206,United States,2/24/2023
24,Moria,Vickress,mvickressn@hostgator.com,Female,91-176-3420,Afghanistan,12/4/2022
25,Elnora,Stedmond,estedmondo@bbc.co.uk,Female,04-339-0332,Brazil,7/7/2022
26,Dev,Hudson,dhudsonp@un.org,Male,64-710-1870,Canada,3/30/2023
27,Raimondo,Perin,rperinq@omniture.com,Male,04-316-0998,China,4/7/2023
28,Natty,Claw,nclawr@nationalgeographic.com,Male,47-694-4556,China,2/23/2023
29,Gordie,Castille,gcastilles@altervista.org,Male,82-122-4393,Russia,4/10/2023
30,Jordon,Freegard,jfreegardt@vinaora.com,Polygender,41-789-1958,Ukraine,10/28/2022
31,Ty,Vauter,tvauteru@illinois.edu,Male,50-536-9634,United States,12/10/2022
32,Andromache,Braithwait,abraithwaitv@ebay.com,Female,22-303-7074,United States,2/3/2023
33,Linnea,Bollam,lbollamw@skyrock.com,Bigender,00-512-6818,Yemen,2/15/2023
34,Sonni,Marland,smarlandx@aboutads.info,Female,37-870-8726,Greece,2/9/2023
35,Othello,Clampin,oclampiny@amazonaws.com,Male,18-174-0052,Kyrgyzstan,1/27/2023
36,Danya,McIlwrath,dmcilwrathz@webs.com,Female,21-054-3728,Cyprus,7/1/2022
37,Gaspard,Poynzer,gpoynzer10@walmart.com,Male,90-946-8604,Croatia,2/17/2023
38,Filberte,Hellmore,fhellmore11@godaddy.com,Male,53-965-3334,Czech Republic,6/9/2022
39,Quinlan,Rogan,qrogan12@addthis.com,Male,40-177-7054,France,10/28/2022
40,Tommi,Hentzer,thentzer13@nbcnews.com,Female,45-201-2645,France,12/26/2022
41,Karie,Kosel,kkosel14@ihg.com,Female,35-374-1042,Indonesia,1/2/2023
42,Elita,Ruilton,eruilton15@vk.com,Female,82-684-1416,Suriname,6/8/2022
43,Tynan,Gillcrist,tgillcrist16@nytimes.com,Male,49-182-4525,China,7/24/2022
44,Jermaine,Harbertson,jharbertson17@posterous.com,Female,59-372-7367,China,9/14/2022
45,Esther,Padfield,epadfield18@artisteer.com,Female,55-340-1018,China,7/2/2022
46,Alexia,Blaisdell,ablaisdell19@vimeo.com,Female,91-319-0486,Bulgaria,4/19/2023
47,Earl,Balham,ebalham1a@last.fm,Male,70-340-1155,China,1/18/2023
48,Jorey,Scritch,jscritch1b@tuttocitta.it,Female,98-820-1630,Russia,2/3/2023
49,Daven,Snelle,dsnelle1c@disqus.com,Male,62-518-0327,United States,12/11/2022
50,Whitby,Hanes,whanes1d@bluehost.com,Male,37-604-2116,Afghanistan,6/16/2022
51,Claudelle,Carney,ccarney1e@walmart.com,Female,09-285-9194,China,1/28/2023
52,Dierdre,Petkens,dpetkens1f@washingtonpost.com,Female,85-862-2254,Belarus,9/15/2022
53,Hansiain,Thombleson,hthombleson1g@netlog.com,Male,10-915-5717,Jamaica,9/14/2022
54,Corella,Heilds,cheilds1h@apache.org,Female,57-523-7618,United States,5/13/2023
55,Stevy,Laba,slaba1i@freewebs.com,Bigender,51-268-0169,South Africa,1/15/2023
56,Reta,Brik,rbrik1j@nyu.edu,Female,23-881-2404,Thailand,10/13/2022
57,Janene,Bote,jbote1k@walmart.com,Female,54-656-2693,Argentina,11/20/2022
58,Eyde,Venediktov,evenediktov1l@bloomberg.com,Female,75-872-6443,Philippines,6/22/2022
59,Corrine,Farren,cfarren1m@marketwatch.com,Female,36-842-7096,Albania,10/9/2022
60,Bessie,Quadling,bquadling1n@hatena.ne.jp,Bigender,03-093-2314,China,6/18/2022
61,Babbie,Inglis,binglis1o@shinystat.com,Female,90-171-2771,Greece,4/13/2023
62,Jacky,Gibbard,jgibbard1p@hao123.com,Female,92-900-5148,North Korea,9/5/2022
63,Jillian,Karpinski,jkarpinski1q@businesswire.com,Female,30-861-6964,Sweden,5/12/2023
64,Annie,Calafate,acalafate1r@nymag.com,Female,75-098-4233,Philippines,8/23/2022
65,Trude,Crocetti,tcrocetti1s@tiny.cc,Female,83-532-4177,Czech Republic,11/19/2022
66,Darcie,Passey,dpassey1t@paginegialle.it,Female,91-367-8372,Moldova,5/8/2023
67,Carling,Willcock,cwillcock1u@angelfire.com,Male,00-333-9408,Thailand,7/9/2022
68,Ceil,Rapson,crapson1v@paginegialle.it,Female,90-515-1696,South Africa,6/13/2022
69,Faye,Tumpane,ftumpane1w@reuters.com,Female,13-658-0012,Mexico,7/4/2022
70,Dannie,Dixon,ddixon1x@japanpost.jp,Female,30-522-5483,Portugal,10/29/2022
71,Nadeen,Gidney,ngidney1y@naver.com,Female,34-505-7270,Brazil,10/7/2022
72,Ernestus,Novacek,enovacek1z@hibu.com,Male,75-085-0267,Sweden,9/16/2022
73,Ricky,Malmar,rmalmar20@odnoklassniki.ru,Male,11-660-2752,Russia,4/29/2023
74,Inna,Leonard,ileonard21@ted.com,Female,63-369-5059,Canada,1/3/2023
75,Humfrid,Watling,hwatling22@dailymail.co.uk,Male,80-050-0451,Russia,7/17/2022
76,Ferdinand,Buller,fbuller23@gravatar.com,Male,59-998-5470,Indonesia,6/27/2022
77,Erasmus,MacWilliam,emacwilliam24@nps.gov,Genderqueer,39-861-2382,Argentina,9/28/2022
78,Marian,Swinfen,mswinfen25@bing.com,Female,89-446-3617,Democratic Republic of the Congo,1/28/2023
79,Carl,Slee,cslee26@linkedin.com,Male,52-378-8814,China,6/29/2022
80,Gilli,Finlow,gfinlow27@vkontakte.ru,Female,92-033-8233,Brazil,9/12/2022
81,Etan,Battershall,ebattershall28@example.com,Male,02-567-4188,China,4/23/2023
82,Gwendolen,Spring,gspring29@acquirethisname.com,Bigender,35-802-7156,Indonesia,6/8/2022
83,Peggy,McAlroy,pmcalroy2a@netlog.com,Female,70-083-9015,United States,1/22/2023
84,Helene,Restall,hrestall2b@indiatimes.com,Female,31-328-8726,Indonesia,6/17/2022
85,Carmine,Thirlwall,cthirlwall2c@earthlink.net,Male,78-168-4749,Russia,5/5/2023
86,Dunc,Perett,dperett2d@microsoft.com,Male,85-683-4221,Bulgaria,7/31/2022
87,Germayne,Commings,gcommings2e@narod.ru,Male,27-933-2953,Pakistan,4/19/2023
88,Diego,Mordey,dmordey2f@opera.com,Male,59-722-2211,Portugal,3/12/2023
89,Darby,Killingback,dkillingback2g@irs.gov,Male,99-415-3460,Mongolia,5/24/2023
90,Lulu,Shewon,lshewon2h@blogger.com,Female,23-334-1389,China,1/14/2023
91,Rosita,Trahearn,rtrahearn2i@amazon.co.uk,Female,89-440-6955,United States,3/9/2023
92,Jane,Paulich,jpaulich2j@myspace.com,Female,94-361-4701,Ukraine,1/20/2023
93,Frayda,Willgrass,fwillgrass2k@ehow.com,Female,14-856-9029,Japan,3/11/2023
94,Alfonso,Daverin,adaverin2l@skype.com,Male,25-287-9797,United States,9/8/2022
95,Camel,Westerman,cwesterman2m@businessweek.com,Female,29-539-6267,Colombia,5/24/2023
96,Hill,Lesor,hlesor2n@youtube.com,Male,32-088-8550,Syria,4/16/2023
97,Iona,Winsom,iwinsom2o@army.mil,Female,14-931-8953,Indonesia,10/23/2022
98,Wernher,Yarnold,wyarnold2p@csmonitor.com,Male,82-610-8967,Greece,8/29/2022
99,Charmine,Corey,ccorey2q@cisco.com,Female,44-149-5368,Ukraine,11/30/2022
100,Sula,McVeagh,smcveagh2r@dot.gov,Female,86-227-8400,Indonesia,6/20/2022
101,Doy,Hebron,dhebron2s@nbcnews.com,Male,94-555-3571,Czech Republic,1/19/2023
102,Fidelia,Arndt,farndt2t@hugedomains.com,Female,10-274-0909,Portugal,4/27/2023
103,Aloin,Kroger,akroger2u@joomla.org,Male,10-977-9658,Mali,9/2/2022
104,Karolina,Fookes,kfookes2v@cdc.gov,Bigender,25-395-5874,Brazil,5/27/2022
105,Lambert,Scapens,lscapens2w@histats.com,Male,91-231-7139,Cuba,5/22/2023
106,Jodi,Farfull,jfarfull2x@posterous.com,Female,32-012-9673,Tanzania,3/14/2023
107,Emmalee,Kenney,ekenney2y@list-manage.com,Female,74-932-7510,United States,3/17/2023
108,Pebrook,Hurdedge,phurdedge2z@scientificamerican.com,Male,16-489-8130,Cameroon,5/3/2023
109,Noni,Eberdt,neberdt30@wikipedia.org,Female,43-664-0410,Thailand,1/6/2023
110,Kerk,Maddin,kmaddin31@sogou.com,Male,85-235-7525,United States,10/13/2022
111,Leonardo,Bruckenthal,lbruckenthal32@amazon.co.uk,Male,38-148-0138,Pakistan,3/9/2023
112,Mirelle,Surgey,msurgey33@cbsnews.com,Female,64-302-1316,Belarus,9/2/2022
113,Dosi,Nuccitelli,dnuccitelli34@webmd.com,Female,30-276-6766,Indonesia,12/23/2022
114,Reinhard,Coils,rcoils35@t.co,Male,51-287-9411,China,5/18/2023
115,Algernon,Cornewall,acornewall36@cbslocal.com,Male,22-189-1532,Czech Republic,8/22/2022
116,Tish,Lorant,tlorant37@naver.com,Female,33-171-8415,Cameroon,11/16/2022
117,Gail,Bretland,gbretland38@springer.com,Female,01-164-8932,Thailand,7/17/2022
118,Dill,Reihm,dreihm39@example.com,Male,78-239-2142,Armenia,6/18/2022
119,Rheta,Waith,rwaith3a@telegraph.co.uk,Female,37-015-5052,Palestinian Territory,3/24/2023
120,Harrietta,Dunstan,hdunstan3b@odnoklassniki.ru,Genderfluid,15-346-9275,Argentina,11/10/2022
121,Karlotta,McVeighty,kmcveighty3c@umn.edu,Female,23-619-7130,China,12/17/2022
122,Quinlan,Betteney,qbetteney3d@clickbank.net,Male,83-115-5581,Peru,12/21/2022
123,Karen,Lowle,klowle3e@timesonline.co.uk,Female,28-489-7505,Indonesia,4/24/2023
124,Nichole,Birrell,nbirrell3f@ebay.co.uk,Female,36-198-8564,China,9/7/2022
125,Ashia,Olyonov,aolyonov3g@soup.io,Genderqueer,78-878-9523,Gambia,8/5/2022
126,Gil,Parnby,gparnby3h@time.com,Male,64-701-0345,China,8/4/2022
127,Bevin,Andrusyak,bandrusyak3i@abc.net.au,Male,73-102-7524,Ukraine,12/20/2022
128,Kamillah,Maasz,kmaasz3j@nsw.gov.au,Female,03-363-2139,Norway,7/5/2022
129,Dalston,Felgat,dfelgat3k@wordpress.org,Male,08-586-6139,Dominican Republic,7/14/2022
130,Brnaba,Agate,bagate3l@cmu.edu,Male,55-682-7828,Indonesia,10/20/2022
131,Lilllie,Bubbins,lbubbins3m@vistaprint.com,Female,17-210-8579,Argentina,7/8/2022
132,Isidore,Jedrzaszkiewicz,ijedrzaszkiewicz3n@google.cn,Male,45-005-7240,Portugal,6/24/2022
133,Fredek,Gregoire,fgregoire3o@businessinsider.com,Male,88-801-6524,Portugal,6/9/2022
134,Harri,Castellaccio,hcastellaccio3p@ebay.com,Female,59-961-8929,Mexico,7/27/2022
135,Betteann,Vaszoly,bvaszoly3q@etsy.com,Female,60-373-1664,China,3/10/2023
136,Sela,Rowe,srowe3r@discovery.com,Female,77-252-3468,Indonesia,8/2/2022
137,Lyndsey,Bracknall,lbracknall3s@mit.edu,Agender,08-358-7264,Portugal,11/21/2022
138,Willy,Reuble,wreuble3t@theglobeandmail.com,Female,56-053-9836,Luxembourg,8/12/2022
139,Dory,Ferrieroi,dferrieroi3u@pinterest.com,Male,91-170-7179,Indonesia,4/9/2023
140,Mariann,Swindells,mswindells3v@china.com.cn,Female,42-292-1365,Indonesia,4/9/2023
141,Piotr,Montacute,pmontacute3w@washington.edu,Male,78-813-5169,Cape Verde,3/16/2023
142,Carin,Passe,cpasse3x@wordpress.com,Female,85-473-7260,China,9/10/2022
143,Jammal,Tierny,jtierny3y@privacy.gov.au,Male,00-539-2586,Russia,1/1/2023
144,Jillana,Gounot,jgounot3z@prlog.org,Female,47-868-0405,Benin,2/17/2023
145,Guthry,Crush,gcrush40@ifeng.com,Male,86-008-8284,China,10/18/2022
146,Joete,Gopsall,jgopsall41@bloglovin.com,Bigender,17-504-0101,Canada,9/16/2022
147,Kyrstin,Harmstone,kharmstone42@boston.com,Female,09-988-5975,Colombia,11/22/2022
148,Brose,Benettolo,bbenettolo43@tamu.edu,Male,76-339-1601,Russia,12/14/2022
149,Guthrie,Darter,gdarter44@delicious.com,Male,76-367-1903,Indonesia,10/24/2022
150,Micaela,Hayland,mhayland45@bing.com,Female,79-978-8862,Canada,5/12/2023
151,Godfry,Boss,gboss46@theguardian.com,Agender,59-241-9279,New Zealand,7/19/2022
152,Pier,Bacchus,pbacchus47@about.com,Female,44-208-7349,Poland,6/1/2022
153,Aurora,Naisbitt,anaisbitt48@ezinearticles.com,Female,66-918-4877,Finland,10/22/2022
154,Casie,McDougal,cmcdougal49@admin.ch,Female,72-260-3248,Indonesia,5/18/2023
155,Ardyce,Garrie,agarrie4a@soup.io,Female,35-461-7939,Mexico,5/11/2023
156,Giacopo,Byfford,gbyfford4b@geocities.jp,Male,80-195-2253,Philippines,5/18/2023
157,Phebe,Willment,pwillment4c@gnu.org,Female,25-783-5713,Philippines,1/9/2023
158,Kimbell,Amburgy,kamburgy4d@who.int,Male,31-213-0253,Philippines,5/31/2022
159,Lucais,Clearley,lclearley4e@i2i.jp,Male,06-099-1372,Portugal,12/21/2022
160,Gussie,Alexsandrov,galexsandrov4f@wired.com,Female,18-213-4509,Pakistan,7/14/2022
161,Micheal,Noddles,mnoddles4g@amazon.de,Male,05-783-9405,Guatemala,11/2/2022
162,Jori,Izsak,jizsak4h@wp.com,Genderqueer,59-148-3444,Greece,10/23/2022
163,Burk,Balazin,bbalazin4i@bloomberg.com,Male,83-936-4591,Portugal,12/23/2022
164,Chelsie,Culley,cculley4j@twitpic.com,Female,50-149-8050,China,1/18/2023
165,Merrily,Kohrt,mkohrt4k@pcworld.com,Female,94-394-5368,Mexico,9/23/2022
166,Dugald,Shaxby,dshaxby4l@google.com.br,Male,89-971-0629,Dominican Republic,1/31/2023
167,Koressa,Bonsall,kbonsall4m@smugmug.com,Female,90-266-3493,Ukraine,6/4/2022
168,Shaine,Dominicacci,sdominicacci4n@hatena.ne.jp,Female,99-008-3830,Saint Lucia,7/5/2022
169,Robbie,Nimmo,rnimmo4o@huffingtonpost.com,Male,49-889-7422,Iran,5/23/2023
170,Newton,Werendell,nwerendell4p@indiegogo.com,Male,81-027-3456,Russia,12/5/2022
171,Jethro,Brunsdon,jbrunsdon4q@dagondesign.com,Male,34-458-0807,China,4/6/2023
172,Ricoriki,Yedy,ryedy4r@un.org,Male,59-625-4154,Nigeria,1/31/2023
173,Damien,Scarth,dscarth4s@imageshack.us,Male,92-685-7819,Albania,7/10/2022
174,Carol-jean,Ruddell,cruddell4t@blogtalkradio.com,Agender,84-032-0070,Philippines,6/17/2022
175,Tripp,Grolle,tgrolle4u@msu.edu,Male,07-517-6960,Philippines,6/22/2022
176,Lawry,Glenwright,lglenwright4v@zimbio.com,Male,96-708-4664,Indonesia,4/20/2023
177,Bobette,World,bworld4w@dyndns.org,Female,68-085-1172,Thailand,5/27/2022
178,Elston,Faraker,efaraker4x@g.co,Male,53-296-4579,Thailand,8/17/2022
179,Romonda,Gilhoolie,rgilhoolie4y@is.gd,Female,53-775-4192,China,7/9/2022
180,Laina,Veivers,lveivers4z@elegantthemes.com,Female,60-499-8756,China,11/13/2022
181,Falkner,Sumpner,fsumpner50@tinyurl.com,Male,91-987-7126,China,3/13/2023
182,Kathye,Hulson,khulson51@people.com.cn,Female,07-516-9080,Belarus,5/15/2023
183,Kyla,Greenrodd,kgreenrodd52@hp.com,Female,85-553-7598,Russia,10/9/2022
184,Lynnea,Matresse,lmatresse53@etsy.com,Female,51-700-4354,France,8/12/2022
185,Lily,Rosiello,lrosiello54@lulu.com,Female,66-302-8344,Cuba,1/1/2023
186,Thekla,Dingwall,tdingwall55@ebay.co.uk,Female,53-145-2374,Indonesia,10/17/2022
187,Jacky,Cromer,jcromer56@aboutads.info,Female,58-333-4477,Thailand,1/11/2023
188,Donelle,Wurz,dwurz57@ted.com,Female,22-192-9943,Philippines,6/11/2022
189,Gideon,Simanek,gsimanek58@diigo.com,Male,71-235-7928,Germany,3/21/2023
190,Oralee,Revie,orevie59@nba.com,Polygender,18-660-5675,Portugal,4/11/2023
191,Carmela,Lickess,clickess5a@berkeley.edu,Female,78-629-5517,Mongolia,1/22/2023
192,Baryram,Embling,bembling5b@nifty.com,Male,67-050-0057,Sweden,8/16/2022
193,Myrle,Jahns,mjahns5c@domainmarket.com,Female,94-941-4897,Czech Republic,11/21/2022
194,Aime,Udale,audale5d@youku.com,Female,83-697-5947,United States,2/20/2023
195,Felicio,Salerg,fsalerg5e@sphinn.com,Male,62-603-1026,China,3/30/2023
196,Kyle,Florey,kflorey5f@topsy.com,Female,92-304-3463,Philippines,1/14/2023
197,Redd,Feldfisher,rfeldfisher5g@admin.ch,Male,32-932-4275,China,6/12/2022
198,Kellen,Ousby,kousby5h@bizjournals.com,Male,39-919-4437,Thailand,9/24/2022
199,Hillery,Branton,hbranton5i@biglobe.ne.jp,Male,43-051-2817,China,3/2/2023
200,Brod,Tieman,btieman5j@yellowpages.com,Male,09-587-8499,Argentina,11/21/2022
201,Stephine,Shade,sshade5k@gizmodo.com,Bigender,87-523-8493,Guam,1/9/2023
202,Hilton,Jotcham,hjotcham5l@telegraph.co.uk,Male,42-465-4454,Nigeria,3/25/2023
203,Shelley,Chitham,schitham5m@cargocollective.com,Male,08-591-0105,United States,12/7/2022
204,Minerva,Bantick,mbantick5n@dell.com,Female,67-198-8588,Slovenia,7/5/2022
205,Rebecca,Scarth,rscarth5o@mac.com,Female,59-224-8694,Nigeria,5/17/2023
206,Candy,Piele,cpiele5p@narod.ru,Female,97-053-6809,China,6/28/2022
207,Taddeusz,Shubotham,tshubotham5q@aboutads.info,Male,14-729-9226,Indonesia,5/19/2023
208,Jens,Yanne,jyanne5r@dion.ne.jp,Male,88-102-9849,France,10/26/2022
209,Chuck,Gallety,cgallety5s@go.com,Male,32-597-8966,France,5/10/2023
210,Gabriello,Yurygyn,gyurygyn5t@php.net,Genderfluid,75-065-2919,Lithuania,7/16/2022
211,Torrence,Juleff,tjuleff5u@twitter.com,Male,83-038-7778,Palestinian Territory,4/10/2023
212,Minetta,Kliemke,mkliemke5v@amazonaws.com,Female,84-733-7151,Venezuela,7/30/2022
213,Ursula,Erangy,uerangy5w@buzzfeed.com,Bigender,21-723-6018,China,2/19/2023
214,Nilson,Sanham,nsanham5x@tiny.cc,Male,31-222-4115,China,3/1/2023
215,Maisey,McMyler,mmcmyler5y@ifeng.com,Female,00-133-3026,New Zealand,2/13/2023
216,Price,Jeffes,pjeffes5z@livejournal.com,Male,62-356-6910,Brazil,7/3/2022
217,Idaline,MacKaig,imackaig60@umich.edu,Female,26-759-9838,Philippines,11/7/2022
218,Louie,Jeanesson,ljeanesson61@php.net,Male,33-330-9859,Belarus,3/30/2023
219,Ced,Trapp,ctrapp62@unicef.org,Genderfluid,86-982-7594,Madagascar,5/16/2023
220,Serene,Kettlestringe,skettlestringe63@google.com.hk,Female,94-649-1377,Bulgaria,9/7/2022
221,Betteanne,Aspey,baspey64@tinyurl.com,Female,34-898-0163,Indonesia,9/1/2022
222,Rolph,Josefson,rjosefson65@bbc.co.uk,Male,10-315-8595,Ukraine,6/4/2022
223,Godard,Bend,gbend66@buzzfeed.com,Polygender,15-213-2998,Mali,9/23/2022
224,Christoper,Timothy,ctimothy67@ca.gov,Male,23-569-6445,Latvia,8/9/2022
225,Katharine,Coughlin,kcoughlin68@over-blog.com,Female,60-100-1487,China,12/7/2022
226,Laure,Robbeke,lrobbeke69@purevolume.com,Female,61-283-4678,China,3/17/2023
227,Duncan,Clougher,dclougher6a@howstuffworks.com,Male,90-843-5807,Uzbekistan,4/4/2023
228,Olin,Algy,oalgy6b@berkeley.edu,Male,88-976-0601,Indonesia,4/4/2023
229,Katine,Trounson,ktrounson6c@eventbrite.com,Female,79-992-1759,Czech Republic,2/23/2023
230,Meier,Bann,mbann6d@blogspot.com,Male,44-802-7705,Philippines,2/28/2023
231,Angil,Baumford,abaumford6e@1688.com,Female,17-870-1706,Sweden,11/26/2022
232,Violette,House,vhouse6f@techcrunch.com,Non-binary,61-509-6362,Indonesia,1/6/2023
233,Jourdan,Hayworth,jhayworth6g@nps.gov,Female,24-108-6696,Brazil,9/6/2022
234,Enrique,Limon,elimon6h@g.co,Male,69-914-2735,Palestinian Territory,11/24/2022
235,Shandee,Skirlin,sskirlin6i@newyorker.com,Female,09-546-3625,Russia,10/17/2022
236,Inna,Eidler,ieidler6j@gizmodo.com,Genderfluid,54-769-2039,Croatia,12/19/2022
237,Delano,Hanshaw,dhanshaw6k@irs.gov,Genderqueer,14-372-9758,Portugal,9/22/2022
238,Darius,Liversedge,dliversedge6l@xinhuanet.com,Male,01-203-3633,China,1/23/2023
239,Adolphe,Lockart,alockart6m@github.com,Male,69-088-6430,Guatemala,10/18/2022
240,Nannie,McSperrin,nmcsperrin6n@youku.com,Female,32-099-0740,Russia,3/27/2023
241,Conan,Farherty,cfarherty6o@goodreads.com,Male,04-372-7953,China,2/10/2023
242,Lowrance,Haney,lhaney6p@bluehost.com,Male,77-162-0435,Brazil,7/26/2022
243,Carlen,Prin,cprin6q@webmd.com,Female,63-436-0210,Indonesia,7/7/2022
244,Shell,Huby,shuby6r@auda.org.au,Male,31-011-8992,China,2/20/2023
245,Nicola,Snowman,nsnowman6s@newsvine.com,Female,42-811-5375,Tanzania,6/20/2022
246,Merrel,O' Connell,moconnell6t@indiatimes.com,Male,11-802-9880,Mexico,11/14/2022
247,Gaylord,Marson,gmarson6u@dmoz.org,Male,79-650-1123,France,8/23/2022
248,Deeyn,Ferrero,dferrero6v@nba.com,Female,44-518-4580,Ukraine,11/10/2022
249,Nadeen,Connelly,nconnelly6w@cornell.edu,Polygender,36-009-6950,China,12/4/2022
250,Jareb,Cicetti,jcicetti6x@tinypic.com,Male,91-752-7405,Sweden,11/18/2022
251,Blakeley,Lyddiard,blyddiard6y@businessinsider.com,Female,49-758-2114,Belarus,3/30/2023
252,Brodie,Walstow,bwalstow6z@seesaa.net,Male,96-371-1302,France,1/15/2023
253,Jaclin,Ciccotti,jciccotti70@canalblog.com,Female,96-135-1377,Indonesia,2/23/2023
254,Nikola,Gellert,ngellert71@amazon.de,Agender,31-239-2301,Portugal,9/11/2022
255,Georgiana,Fallis,gfallis72@samsung.com,Female,62-702-2933,China,8/3/2022
256,Nora,Schutze,nschutze73@hao123.com,Female,56-659-4182,Palestinian Territory,12/16/2022
257,Gabrielle,Shankle,gshankle74@behance.net,Female,38-656-1747,Russia,7/14/2022
258,Udale,Bonnick,ubonnick75@opensource.org,Male,77-080-9239,Tanzania,5/22/2023
259,Reuven,Naughton,rnaughton76@time.com,Male,51-947-9870,Russia,1/17/2023
260,Gayle,Dammarell,gdammarell77@typepad.com,Male,71-842-0403,Thailand,11/9/2022
261,Shellie,Stokes,sstokes78@ustream.tv,Female,52-058-1631,Indonesia,7/4/2022
262,Miltie,Rivlin,mrivlin79@macromedia.com,Genderqueer,96-520-5032,China,5/6/2023
263,Lowell,Poore,lpoore7a@1688.com,Bigender,67-255-5327,Brazil,6/2/2022
264,Brenden,Pires,bpires7b@nytimes.com,Male,86-122-7420,France,10/23/2022
265,Bryn,Houlden,bhoulden7c@amazon.co.jp,Male,27-645-3503,Morocco,7/16/2022
266,Gallard,Ableson,gableson7d@paypal.com,Male,02-049-4938,Chad,7/12/2022
267,Grazia,Kolak,gkolak7e@jigsy.com,Polygender,32-256-1032,Brazil,6/14/2022
268,Coleman,Burtwhistle,cburtwhistle7f@google.nl,Male,83-637-7374,South Korea,12/7/2022
269,Klement,Bather,kbather7g@oakley.com,Male,76-825-5615,China,5/6/2023
270,Nicol,Delafoy,ndelafoy7h@yolasite.com,Male,54-318-2110,Greece,2/23/2023
271,Lorilee,Barnhart,lbarnhart7i@mysql.com,Female,08-350-0383,France,3/14/2023
272,Sidney,McTrustrie,smctrustrie7j@reddit.com,Male,38-520-2819,Indonesia,9/10/2022
273,Tiff,Zelner,tzelner7k@marketwatch.com,Female,80-404-9990,Poland,4/28/2023
274,Dillon,Millsom,dmillsom7l@nationalgeographic.com,Male,88-008-3768,China,9/8/2022
275,Massimiliano,Witter,mwitter7m@oracle.com,Male,26-764-2802,Philippines,9/10/2022
276,Ogdan,Wevell,owevell7n@goodreads.com,Male,91-069-3850,China,9/16/2022
277,Thorvald,Chaim,tchaim7o@w3.org,Male,11-380-3877,Kazakhstan,10/14/2022
278,Vassili,Villaret,vvillaret7p@arstechnica.com,Genderqueer,94-600-9468,Russia,2/17/2023
279,Huntley,Habishaw,hhabishaw7q@webmd.com,Male,22-344-4104,Philippines,8/19/2022
280,Terrell,Hubball,thubball7r@census.gov,Male,80-212-7123,China,10/26/2022
281,Michaeline,Greatrakes,mgreatrakes7s@tamu.edu,Female,44-680-3780,Philippines,11/19/2022
282,Witty,Lambis,wlambis7t@google.com,Male,51-086-8819,China,4/27/2023
283,Carina,Droghan,cdroghan7u@woothemes.com,Non-binary,19-343-0319,Mozambique,11/15/2022
284,Sollie,Rollo,srollo7v@cnet.com,Genderfluid,06-366-2395,Brazil,11/9/2022
285,Oswald,Fullick,ofullick7w@gravatar.com,Male,64-533-5359,Moldova,12/15/2022
286,Gaultiero,Winsome,gwinsome7x@cnbc.com,Male,82-429-8129,Philippines,10/30/2022
287,Vergil,Wondraschek,vwondraschek7y@linkedin.com,Male,57-816-4724,Brazil,1/19/2023
288,Salomon,Mossop,smossop7z@china.com.cn,Agender,65-068-2789,Russia,7/30/2022
289,Bailey,Tuley,btuley80@hao123.com,Male,12-912-3392,Indonesia,9/16/2022
290,Darrick,Almond,dalmond81@sourceforge.net,Male,96-517-3051,Portugal,2/10/2023
291,Jayme,Geane,jgeane82@google.com.hk,Male,77-291-2289,Sweden,10/2/2022
292,Ryley,Litster,rlitster83@vinaora.com,Male,95-884-6411,Luxembourg,3/30/2023
293,Kerrin,Boyles,kboyles84@moonfruit.com,Female,15-084-7808,United States,8/1/2022
294,Rosaline,Willard,rwillard85@example.com,Female,44-293-4235,Netherlands,10/5/2022
295,Basile,Priver,bpriver86@businesswire.com,Male,82-655-3910,Philippines,12/12/2022
296,Base,Collett,bcollett87@ustream.tv,Male,77-320-8541,Argentina,6/2/2022
297,Rolph,Brodnecke,rbrodnecke88@chron.com,Male,45-658-5137,China,5/8/2023
298,Lawry,Steenson,lsteenson89@ezinearticles.com,Male,61-682-3123,Tunisia,8/24/2022
299,Ilise,Goacher,igoacher8a@barnesandnoble.com,Female,61-901-5282,Indonesia,6/6/2022
300,Harli,Senussi,hsenussi8b@irs.gov,Female,84-958-9005,China,2/15/2023
301,Casper,Eardley,ceardley8c@ow.ly,Male,04-379-1943,China,12/25/2022
302,Jo-anne,Troy,jtroy8d@va.gov,Female,45-966-6107,Russia,2/15/2023
303,Dud,Iacobacci,diacobacci8e@joomla.org,Polygender,10-865-8286,China,3/16/2023
304,Pam,O' Hogan,pohogan8f@live.com,Female,61-191-9226,Poland,10/12/2022
305,Yanaton,Bagger,ybagger8g@prnewswire.com,Male,40-259-4469,China,3/10/2023
306,Annemarie,O'Ruane,aoruane8h@webs.com,Female,23-212-3271,Japan,4/14/2023
307,Jocko,Barok,jbarok8i@redcross.org,Male,74-643-3840,Indonesia,3/18/2023
308,Phylys,Giraudoux,pgiraudoux8j@un.org,Agender,08-006-9066,Japan,6/19/2022
309,Eleni,Burley,eburley8k@chicagotribune.com,Female,50-964-1987,Ukraine,7/9/2022
310,Earle,Laise,elaise8l@diigo.com,Male,09-645-5039,China,9/23/2022
311,Suzi,Allnatt,sallnatt8m@nih.gov,Female,05-752-0067,Czech Republic,3/23/2023
312,Gauthier,Bengall,gbengall8n@icq.com,Male,74-932-7563,Russia,9/7/2022
313,Clem,Maryon,cmaryon8o@ezinearticles.com,Male,15-977-0056,Portugal,2/17/2023
314,Kin,De Zamudio,kdezamudio8p@opensource.org,Male,29-260-4995,Venezuela,2/23/2023
315,Orsa,Aldus,oaldus8q@scientificamerican.com,Female,93-057-8370,Russia,4/20/2023
316,Arlen,Blinman,ablinman8r@pbs.org,Polygender,25-569-8335,China,9/14/2022
317,Roxanne,Oles,roles8s@multiply.com,Female,48-214-4854,Argentina,3/26/2023
318,Blancha,Cubley,bcubley8t@mozilla.org,Female,05-865-8029,Indonesia,11/23/2022
319,Jamie,Sutherel,jsutherel8u@sina.com.cn,Male,96-312-6789,Gambia,9/28/2022
320,Clerissa,Eaken,ceaken8v@last.fm,Female,45-803-4823,Macedonia,7/23/2022
321,Vivienne,Ottam,vottam8w@cbslocal.com,Female,96-017-4771,Norway,1/29/2023
322,Dale,Hubner,dhubner8x@wikia.com,Genderqueer,59-178-3005,Philippines,4/9/2023
323,Dare,Hemshall,dhemshall8y@fda.gov,Male,43-421-1562,Brazil,5/8/2023
324,Camellia,Tschierasche,ctschierasche8z@freewebs.com,Female,02-562-9325,China,8/26/2022
325,Florida,Morrish,fmorrish90@twitpic.com,Female,60-139-3435,South Korea,1/30/2023
326,Alidia,McMahon,amcmahon91@ning.com,Bigender,68-500-6052,Vietnam,5/1/2023
327,Cosimo,Ewell,cewell92@ucoz.com,Genderqueer,97-855-9929,China,1/9/2023
328,Miof mela,Jarrette,mjarrette93@networkadvertising.org,Genderfluid,56-599-8075,Poland,1/11/2023
329,Sig,Upton,supton94@scribd.com,Male,50-336-0038,Brazil,2/21/2023
330,Curtice,Pavelka,cpavelka95@shop-pro.jp,Male,31-293-3143,Indonesia,9/10/2022
331,Ianthe,Draisey,idraisey96@drupal.org,Bigender,09-010-0697,New Zealand,4/2/2023
332,Monroe,Bredbury,mbredbury97@cafepress.com,Male,09-185-1518,Sweden,3/16/2023
333,Berry,Malloch,bmalloch98@columbia.edu,Female,00-499-5251,Panama,10/4/2022
334,Casper,O'Duane,coduane99@elpais.com,Male,13-134-5919,Philippines,3/28/2023
335,Dew,Weinberg,dweinberg9a@mysql.com,Male,28-605-7430,China,2/24/2023
336,Toinette,Soonhouse,tsoonhouse9b@cocolog-nifty.com,Genderfluid,07-972-6266,China,11/22/2022
337,Forrester,Brawn,fbrawn9c@squarespace.com,Genderfluid,06-235-7665,Thailand,7/14/2022
338,Barret,Brownsell,bbrownsell9d@cloudflare.com,Male,96-373-4762,Serbia,6/3/2022
339,Virgie,Beetles,vbeetles9e@psu.edu,Male,15-947-7994,Botswana,2/26/2023
340,Oralie,Van Arsdalen,ovanarsdalen9f@nymag.com,Female,85-181-8324,Pakistan,12/3/2022
341,Budd,Prestige,bprestige9g@csmonitor.com,Male,34-477-7283,Indonesia,8/25/2022
342,Bertie,Petrenko,bpetrenko9h@fotki.com,Female,30-747-7789,China,10/23/2022
343,Christian,Camden,ccamden9i@chron.com,Female,51-788-8517,Colombia,11/21/2022
344,Ode,Polding,opolding9j@rakuten.co.jp,Male,28-446-2300,China,6/3/2022
345,Corney,Licciardo,clicciardo9k@paypal.com,Male,40-797-8454,Dominican Republic,10/10/2022
346,Karmen,Disbury,kdisbury9l@cpanel.net,Female,76-177-5969,Poland,1/21/2023
347,King,Bleackly,kbleackly9m@fda.gov,Male,54-877-1457,Vietnam,5/5/2023
348,Ilario,Pittet,ipittet9n@sciencedaily.com,Male,78-741-6211,China,7/10/2022
349,Delaney,Spir,dspir9o@yahoo.co.jp,Male,17-376-2167,Ivory Coast,10/31/2022
350,Alon,Breeder,abreeder9p@tamu.edu,Male,77-596-5798,Philippines,4/8/2023
351,Lenee,Joder,ljoder9q@imdb.com,Female,32-807-9108,Mexico,3/28/2023
352,Charlton,Lowthian,clowthian9r@ocn.ne.jp,Male,73-540-0796,Belarus,11/26/2022
353,Ginger,Garrit,ggarrit9s@ycombinator.com,Male,84-647-3110,Greece,3/9/2023
354,Aymer,Fenners,afenners9t@eepurl.com,Male,12-730-6163,French Polynesia,4/29/2023
355,Bartholomeo,Kubin,bkubin9u@upenn.edu,Male,55-395-0954,Russia,1/3/2023
356,Mariana,Mousdall,mmousdall9v@odnoklassniki.ru,Female,94-276-4616,Comoros,5/10/2023
357,Terence,Jordison,tjordison9w@slate.com,Agender,43-124-9303,Togo,2/3/2023
358,Sharia,Koenraad,skoenraad9x@discuz.net,Female,86-727-4925,Democratic Republic of the Congo,9/24/2022
359,Melodie,Shew,mshew9y@disqus.com,Female,98-769-6729,Greece,4/28/2023
360,Ennis,Storr,estorr9z@ted.com,Male,48-242-6246,China,12/31/2022
361,Adan,Devenish,adevenisha0@e-recht24.de,Female,00-367-6477,China,1/6/2023
362,Kiley,Coomes,kcoomesa1@privacy.gov.au,Male,38-705-1689,China,11/13/2022
363,Hy,O'Halloran,hohallorana2@hao123.com,Male,28-066-8835,Poland,11/5/2022
364,Xymenes,Haggie,xhaggiea3@ox.ac.uk,Male,24-102-5945,Thailand,11/9/2022
365,Evania,McVey,emcveya4@hud.gov,Female,06-337-0770,Poland,9/20/2022
366,Tillie,Peverell,tpeverella5@ow.ly,Female,83-953-2570,Botswana,8/15/2022
367,Willamina,Petrolli,wpetrollia6@php.net,Female,09-610-5726,Russia,8/16/2022
368,Jeanne,Larrat,jlarrata7@ask.com,Female,43-999-3360,Indonesia,11/16/2022
369,Jacques,Abberley,jabberleya8@economist.com,Male,11-474-0381,Russia,8/26/2022
370,Ramonda,Piscopello,rpiscopelloa9@icio.us,Agender,37-931-0919,Honduras,8/19/2022
371,Poul,Morales,pmoralesaa@fastcompany.com,Male,63-489-4951,Indonesia,5/26/2023
372,Cesaro,Groundwator,cgroundwatorab@bravesites.com,Male,47-577-3661,China,2/12/2023
373,Farris,Klimpt,fklimptac@arstechnica.com,Male,85-447-9845,Sweden,5/22/2023
374,Leigha,Hains,lhainsad@google.fr,Female,33-001-3706,China,9/13/2022
375,Rickey,Kettel,rkettelae@tripadvisor.com,Male,63-810-9859,Japan,3/4/2023
376,Dodie,Duignan,dduignanaf@plala.or.jp,Female,03-905-4040,China,10/10/2022
377,Gaylord,Wasiel,gwasielag@friendfeed.com,Male,88-858-4332,China,6/26/2022
378,Henry,Maroney,hmaroneyah@ustream.tv,Male,83-471-6354,China,5/29/2022
379,Lay,Dewi,ldewiai@google.it,Polygender,95-804-5265,China,9/18/2022
380,Brandon,Bellefonte,bbellefonteaj@archive.org,Male,26-941-2797,Nicaragua,7/24/2022
381,Bernard,Glenton,bglentonak@csmonitor.com,Polygender,09-149-8590,China,8/3/2022
382,Lothario,Gildea,lgildeaal@ucla.edu,Male,70-062-9352,China,8/26/2022
383,Dag,Willgress,dwillgressam@sciencedirect.com,Male,58-002-0172,China,11/18/2022
384,Boris,Balle,bballean@state.gov,Male,69-718-3489,Poland,5/5/2023
385,Nikolaus,Hansie,nhansieao@php.net,Male,67-942-4315,Russia,5/22/2023
386,Maurizia,Bliss,mblissap@yahoo.com,Polygender,43-364-3331,Sierra Leone,6/27/2022
387,Honor,Gorvin,hgorvinaq@omniture.com,Female,07-202-5640,Portugal,1/13/2023
388,Lacie,Sarjeant,lsarjeantar@issuu.com,Female,10-140-5245,Dominican Republic,9/18/2022
389,Rory,Freezor,rfreezoras@shareasale.com,Male,52-136-4901,China,8/22/2022
390,Juditha,Reany,jreanyat@studiopress.com,Female,83-728-7381,China,5/2/2023
391,Moselle,Stratley,mstratleyau@answers.com,Female,29-973-4488,Ukraine,4/15/2023
392,Elnora,Helleckas,ehelleckasav@geocities.com,Female,68-925-5587,Tunisia,6/24/2022
393,Rubie,Aikman,raikmanaw@friendfeed.com,Female,18-929-4829,China,11/13/2022
394,Corena,Grishakin,cgrishakinax@dedecms.com,Female,19-593-6914,China,3/11/2023
395,Chickie,Lockhart,clockhartay@arstechnica.com,Male,66-399-0879,China,8/10/2022
396,Salim,Mulroy,smulroyaz@blogtalkradio.com,Male,03-428-0763,Poland,4/13/2023
397,Barris,Enga,bengab0@ask.com,Male,04-262-4490,Albania,3/30/2023
398,Andrea,Haselden,ahaseldenb1@cnbc.com,Male,16-244-3062,Ethiopia,5/27/2022
399,Benedikt,Wakely,bwakelyb2@t.co,Male,83-116-9165,China,2/14/2023
400,Kristy,Sarch,ksarchb3@cnet.com,Female,24-314-7085,China,5/28/2022
401,Colan,Miebes,cmiebesb4@dailymotion.com,Male,94-934-8382,China,8/19/2022
402,Maris,Loffill,mloffillb5@auda.org.au,Female,74-198-7870,Belarus,9/2/2022
403,Lilian,Biddiss,lbiddissb6@mozilla.com,Female,75-675-0260,Finland,3/19/2023
404,Tobin,Taggart,ttaggartb7@flickr.com,Male,91-189-0933,China,8/31/2022
405,Eadie,Lyston,elystonb8@paypal.com,Female,45-405-4129,Indonesia,7/26/2022
406,Buddie,Penvarne,bpenvarneb9@wufoo.com,Male,61-575-1718,China,6/23/2022
407,Franciska,Hutfield,fhutfieldba@symantec.com,Genderqueer,32-283-5036,Greece,12/26/2022
408,Iggie,Gellier,igellierbb@yahoo.co.jp,Male,76-014-5176,Philippines,11/17/2022
409,Rriocard,Nutten,rnuttenbc@soundcloud.com,Male,35-709-9876,Indonesia,3/2/2023
410,Allyn,Mellish,amellishbd@engadget.com,Non-binary,40-719-5908,Indonesia,9/9/2022
411,Zechariah,Preddy,zpreddybe@abc.net.au,Male,35-912-9432,Indonesia,5/13/2023
412,Rolland,Corbitt,rcorbittbf@blogtalkradio.com,Male,64-471-4797,Philippines,5/12/2023
413,Carlyle,Kembry,ckembrybg@purevolume.com,Male,69-308-7104,Japan,1/17/2023
414,Hill,Ayers,hayersbh@parallels.com,Male,82-513-8694,Indonesia,12/2/2022
415,Raynor,Manville,rmanvillebi@ameblo.jp,Male,20-451-7378,Reunion,9/19/2022
416,Brooks,Coldbreath,bcoldbreathbj@skyrock.com,Agender,07-674-6002,China,8/31/2022
417,Helli,Buckle,hbucklebk@cocolog-nifty.com,Female,61-424-8204,Brazil,3/3/2023
418,Drew,Sullly,dsulllybl@blog.com,Non-binary,31-072-1804,Philippines,1/23/2023
419,Lindsay,Palia,lpaliabm@dropbox.com,Genderqueer,33-125-9785,Yemen,4/14/2023
420,Randolf,Dumphries,rdumphriesbn@latimes.com,Male,34-056-1041,Argentina,11/20/2022
421,Cary,Kryska,ckryskabo@pbs.org,Male,64-442-7893,China,11/28/2022
422,Bethina,Pawlicki,bpawlickibp@slideshare.net,Female,67-589-8459,Portugal,7/16/2022
423,Colet,Camies,ccamiesbq@yellowpages.com,Male,52-778-6882,China,9/9/2022
424,Jilly,Gargett,jgargettbr@yahoo.com,Female,03-988-8489,Mongolia,6/12/2022
425,Raddie,Liveing,rliveingbs@uol.com.br,Male,43-689-0786,China,8/4/2022
426,Kelcey,Copcutt,kcopcuttbt@twitpic.com,Female,98-771-4167,China,8/21/2022
427,Larry,Brewerton,lbrewertonbu@cdc.gov,Male,91-008-3685,Philippines,10/29/2022
428,Netti,Cowperthwaite,ncowperthwaitebv@sina.com.cn,Female,30-439-3017,Canada,12/8/2022
429,Seymour,Lanchbury,slanchburybw@nifty.com,Male,31-374-1190,Peru,3/18/2023
430,Amber,Webley,awebleybx@list-manage.com,Polygender,91-489-8500,Estonia,6/26/2022
431,Elspeth,Smeal,esmealby@google.com.au,Female,84-208-7247,Indonesia,10/31/2022
432,Margarete,Dundin,mdundinbz@newsvine.com,Female,87-508-7901,Brazil,4/12/2023
433,Sanders,Ference,sferencec0@ft.com,Male,62-217-0515,Philippines,8/31/2022
434,Mortimer,Doughtery,mdoughteryc1@goodreads.com,Male,03-535-3519,China,5/26/2023
435,Frazer,Berzons,fberzonsc2@prweb.com,Male,30-808-9554,Greece,3/14/2023
436,Ronnie,Rutland,rrutlandc3@wix.com,Male,31-074-1917,France,4/25/2023
437,Antonina,Bassom,abassomc4@hugedomains.com,Female,12-028-7994,Philippines,10/2/2022
438,Gene,Carroll,gcarrollc5@simplemachines.org,Male,51-752-5654,Indonesia,3/21/2023
439,Aldus,Girardey,agirardeyc6@qq.com,Male,37-104-6178,Japan,3/16/2023
440,Jo-ann,Minillo,jminilloc7@mit.edu,Female,30-670-7495,China,6/28/2022
441,Sibyl,Bramah,sbramahc8@github.com,Female,56-289-0628,Greece,3/16/2023
442,Timoteo,Burdess,tburdessc9@nyu.edu,Male,03-612-6751,Philippines,12/26/2022
443,Osbourne,Hargerie,ohargerieca@mozilla.org,Male,17-067-0143,Czech Republic,9/23/2022
444,Bucky,Edgerton,bedgertoncb@indiegogo.com,Male,26-432-8963,Syria,3/28/2023
445,Rhett,De la Barre,rdelabarrecc@oakley.com,Male,55-957-5501,North Korea,6/27/2022
446,Lorita,Crumpton,lcrumptoncd@ucoz.com,Female,11-480-1976,Thailand,1/29/2023
447,Zerk,Connold,zconnoldce@springer.com,Male,92-732-4252,Indonesia,1/7/2023
448,Iris,Cullen,icullencf@so-net.ne.jp,Genderqueer,58-921-2438,China,9/1/2022
449,Maribelle,Hunting,mhuntingcg@shinystat.com,Female,74-368-7195,United States,7/26/2022
450,Brendan,Onians,boniansch@sfgate.com,Male,16-706-3045,Poland,5/10/2023
451,Guy,Gilbank,ggilbankci@ameblo.jp,Male,93-165-6971,Vietnam,6/13/2022
452,Jerrie,Scotchbrook,jscotchbrookcj@virginia.edu,Agender,03-590-2278,China,2/6/2023
453,Wye,Inde,windeck@homestead.com,Male,27-053-4135,China,7/25/2022
454,Myriam,Wilman,mwilmancl@exblog.jp,Female,35-375-7487,New Caledonia,1/3/2023
455,Wiley,Rotchell,wrotchellcm@google.co.jp,Male,69-843-1188,Thailand,8/5/2022
456,Candace,Tomich,ctomichcn@squidoo.com,Female,00-009-0399,France,7/4/2022
457,Norry,Firpi,nfirpico@ox.ac.uk,Male,60-592-9581,China,12/31/2022
458,Viviyan,Riddock,vriddockcp@umich.edu,Female,06-470-4994,Benin,6/1/2022
459,Annissa,Lytle,alytlecq@usa.gov,Female,58-596-2988,China,8/22/2022
460,Eda,Shama,eshamacr@homestead.com,Female,68-995-5498,China,12/10/2022
461,Phillis,Fenn,pfenncs@patch.com,Female,33-702-5324,China,9/5/2022
462,Elias,Broadnicke,ebroadnickect@dagondesign.com,Male,76-446-8198,Micronesia,2/19/2023
463,Nariko,Skeat,nskeatcu@unicef.org,Female,93-971-1003,Indonesia,8/20/2022
464,Latashia,Doswell,ldoswellcv@deliciousdays.com,Female,67-279-2005,Morocco,1/2/2023
465,Orelie,Bernath,obernathcw@usatoday.com,Female,06-143-4130,United Kingdom,12/27/2022
466,Maurise,Corington,mcoringtoncx@msn.com,Male,16-566-6318,Ethiopia,9/8/2022
467,Moll,Fake,mfakecy@nbcnews.com,Female,60-961-9044,Ukraine,12/10/2022
468,Avery,Bycraft,abycraftcz@liveinternet.ru,Male,87-572-6588,Argentina,6/4/2022
469,Charo,Sinton,csintond0@tumblr.com,Female,58-400-4909,Greece,6/4/2022
470,Axe,Hanes,ahanesd1@youtube.com,Male,68-870-7203,Indonesia,3/26/2023
471,Jeddy,Ayars,jayarsd2@sina.com.cn,Male,89-161-6685,Philippines,5/5/2023
472,Prudi,Godard,pgodardd3@php.net,Genderfluid,40-973-1628,France,12/7/2022
473,Hortensia,Comins,hcominsd4@posterous.com,Female,12-788-6115,Mauritius,9/26/2022
474,Kate,Wenn,kwennd5@jimdo.com,Female,94-735-6010,Philippines,2/16/2023
475,Felice,Wiggall,fwiggalld6@vimeo.com,Male,18-270-6853,Oman,5/27/2022
476,Virginie,Abrahmovici,vabrahmovicid7@sohu.com,Female,25-185-9740,Indonesia,6/23/2022
477,Harlin,Weson,hwesond8@mtv.com,Male,83-748-2366,Bangladesh,4/30/2023
478,Antin,Willets,awilletsd9@gmpg.org,Bigender,25-764-5779,Russia,11/15/2022
479,Frazier,Lakenton,flakentonda@state.tx.us,Male,07-958-5796,China,5/25/2023
480,Austina,Leaf,aleafdb@cloudflare.com,Female,35-294-2404,Ukraine,3/27/2023
481,Elane,Episcopio,eepiscopiodc@tripadvisor.com,Female,60-128-2294,Mongolia,6/19/2022
482,Malinde,Doubleday,mdoubledaydd@nih.gov,Female,99-993-6923,China,9/8/2022
483,Latrina,Basson,lbassonde@vistaprint.com,Female,66-448-9181,Indonesia,1/22/2023
484,Agretha,Ledgard,aledgarddf@yellowbook.com,Female,62-637-1963,Poland,3/28/2023
485,Maible,Thomtson,mthomtsondg@auda.org.au,Female,28-615-4937,Malaysia,7/4/2022
486,Aurelie,Biggs,abiggsdh@nsw.gov.au,Female,88-349-3812,China,3/16/2023
487,Todd,Mowlam,tmowlamdi@cpanel.net,Male,99-995-7533,Indonesia,1/8/2023
488,Lainey,Hopfner,lhopfnerdj@tuttocitta.it,Agender,28-924-5410,Spain,10/15/2022
489,Fredrick,Rotherforth,frotherforthdk@spotify.com,Male,93-284-1583,Belgium,2/16/2023
490,Cindelyn,Burge,cburgedl@github.io,Female,78-501-2846,France,9/20/2022
491,Archaimbaud,Perassi,aperassidm@oaic.gov.au,Male,29-343-6461,Canada,7/24/2022
492,Harli,Godrich,hgodrichdn@dropbox.com,Female,62-153-9181,China,4/21/2023
493,D'arcy,Penk,dpenkdo@jugem.jp,Male,67-469-9910,Pakistan,1/13/2023
494,Cinderella,Ellingford,cellingforddp@usatoday.com,Female,69-445-0519,China,12/28/2022
495,Clementius,McGrae,cmcgraedq@answers.com,Male,05-906-6040,Portugal,4/25/2023
496,Ketti,Lambin,klambindr@studiopress.com,Bigender,02-157-6270,Indonesia,7/31/2022
497,Karlens,Heijne,kheijneds@hc360.com,Male,59-743-8352,Czech Republic,1/22/2023
498,Feodora,Gerholz,fgerholzdt@mit.edu,Non-binary,56-412-2063,Sweden,2/23/2023
499,Stewart,Mosley,smosleydu@yale.edu,Male,49-965-4658,China,2/4/2023
500,Wait,Tadgell,wtadgelldv@jalbum.net,Male,84-662-5939,Costa Rica,7/3/2022
501,Alfy,Salvage,asalvagedw@abc.net.au,Female,73-995-1719,Russia,6/29/2022
502,Yevette,Sandlin,ysandlindx@paginegialle.it,Female,33-981-2890,Sierra Leone,6/16/2022
503,Arte,Vasile,avasiledy@dropbox.com,Male,03-094-4889,China,11/4/2022
504,Amalle,Frisby,afrisbydz@artisteer.com,Female,51-597-4931,China,4/6/2023
505,Sande,Jobes,sjobese0@dmoz.org,Female,84-272-9348,Brazil,12/11/2022
506,Willard,Pethybridge,wpethybridgee1@webeden.co.uk,Male,03-950-9073,Russia,1/31/2023
507,Anabal,Moncur,amoncure2@netscape.com,Female,01-234-6766,Portugal,6/20/2022
508,Mamie,Buckenham,mbuckenhame3@ucsd.edu,Female,80-837-3101,China,12/7/2022
509,Morten,Rennie,mrenniee4@de.vu,Non-binary,19-909-9080,Italy,4/15/2023
510,Faustina,Finlow,ffinlowe5@harvard.edu,Female,80-127-5033,Russia,11/11/2022
511,Uriah,Cassidy,ucassidye6@google.it,Male,22-224-2039,China,4/14/2023
512,Norbert,Schnieder,nschniedere7@harvard.edu,Male,18-683-9680,Thailand,12/29/2022
513,Thornie,McIlwraith,tmcilwraithe8@wiley.com,Male,21-401-2414,Portugal,2/9/2023
514,Corbie,Lackmann,clackmanne9@slate.com,Male,45-781-8627,China,2/8/2023
515,Sharia,Voysey,svoyseyea@google.cn,Female,74-824-2743,Peru,4/2/2023
516,Shantee,Dallicott,sdallicotteb@delicious.com,Female,90-759-1857,China,1/17/2023
517,Daniel,Blofeld,dblofeldec@blogspot.com,Male,51-670-7549,Indonesia,4/12/2023
518,Mattie,Bohea,mboheaed@amazon.de,Male,57-758-7802,China,2/15/2023
519,Bobbie,Chadderton,bchaddertonee@istockphoto.com,Male,05-797-7074,Kazakhstan,11/13/2022
520,Carleton,McMeyler,cmcmeyleref@creativecommons.org,Male,19-221-1860,Ireland,6/26/2022
521,Henrik,Attarge,hattargeeg@is.gd,Male,28-058-5669,Philippines,4/8/2023
522,Rosalinda,Jeffcoate,rjeffcoateeh@salon.com,Female,83-281-7575,Japan,12/20/2022
523,Karoline,Ellph,kellphei@japanpost.jp,Female,34-504-3348,France,5/4/2023
524,Guntar,Ellinor,gellinorej@theguardian.com,Male,77-809-9928,China,7/31/2022
525,Kirbie,Shilleto,kshilletoek@dmoz.org,Female,91-944-7917,Sweden,3/23/2023
526,Artemis,Vinck,avinckel@fc2.com,Male,73-880-2597,El Salvador,12/5/2022
527,Guilbert,Beagin,gbeaginem@yahoo.com,Male,27-579-8176,Indonesia,11/2/2022
528,Selene,Discombe,sdiscombeen@reddit.com,Female,39-269-4595,United States,10/28/2022
529,Dorothea,Bucktrout,dbucktrouteo@storify.com,Female,29-449-6993,France,7/11/2022
530,Victor,Dugan,vduganep@w3.org,Male,66-635-0544,China,9/5/2022
531,Iormina,Harrigan,iharriganeq@army.mil,Agender,12-799-3321,Indonesia,2/22/2023
532,Sallie,Nornable,snornableer@telegraph.co.uk,Female,26-407-9750,New Zealand,9/16/2022
533,Herta,Dorney,hdorneyes@ihg.com,Genderqueer,38-166-2773,Peru,3/9/2023
534,Gratiana,Stratten,gstrattenet@themeforest.net,Female,78-369-9493,China,8/24/2022
535,Arly,Tilte,atilteeu@mozilla.org,Female,65-906-0262,Morocco,10/18/2022
536,Katuscha,Cruz,kcruzev@berkeley.edu,Female,78-805-9374,China,8/11/2022
537,Gaspar,McCague,gmccagueew@technorati.com,Male,12-684-8155,China,11/5/2022
538,Avrit,Andrzejowski,aandrzejowskiex@hhs.gov,Female,89-431-8228,Jordan,4/21/2023
539,Agnes,Mattiussi,amattiussiey@samsung.com,Female,20-770-4445,Belgium,12/17/2022
540,Nonie,Jorcke,njorckeez@jiathis.com,Female,75-168-6322,China,1/2/2023
541,Neall,Rhoades,nrhoadesf0@mtv.com,Male,96-637-9528,Madagascar,2/17/2023
542,Katlin,Botright,kbotrightf1@fema.gov,Female,45-678-0662,Azerbaijan,10/26/2022
543,Verna,Brooksbank,vbrooksbankf2@bigcartel.com,Female,79-015-4732,Kazakhstan,5/16/2023
544,Pinchas,Melendez,pmelendezf3@bandcamp.com,Male,84-127-7728,China,8/22/2022
545,Kristofer,Goomes,kgoomesf4@live.com,Male,52-155-9898,Argentina,12/23/2022
546,Griswold,Whatley,gwhatleyf5@senate.gov,Male,83-628-1302,Indonesia,4/16/2023
547,Hyacinthia,Gotthard.sf,hgotthardsff6@google.com.br,Female,71-001-2065,China,8/5/2022
548,Nevins,Halleday,nhalledayf7@ameblo.jp,Male,02-886-6970,China,7/4/2022
549,Isahella,Sammon,isammonf8@bbc.co.uk,Female,24-806-8466,Poland,6/7/2022
550,Lucien,Huffey,lhuffeyf9@washingtonpost.com,Genderqueer,47-859-2869,China,3/28/2023
551,Wyatt,Gatley,wgatleyfa@mlb.com,Male,62-288-6716,Ireland,5/25/2023
552,Lloyd,Trousdale,ltrousdalefb@ihg.com,Male,65-847-4230,Philippines,8/27/2022
553,Ulrich,Yves,uyvesfc@mapy.cz,Male,79-685-6945,Brazil,9/12/2022
554,Jessie,Pinching,jpinchingfd@rakuten.co.jp,Genderfluid,16-469-2816,Mali,10/14/2022
555,Laural,Geare,lgearefe@photobucket.com,Female,67-198-5963,Belarus,6/14/2022
556,Boris,Mohammed,bmohammedff@indiatimes.com,Male,19-176-2836,Kazakhstan,2/20/2023
557,Alberta,Joselevitz,ajoselevitzfg@dell.com,Female,59-480-4664,Mongolia,5/6/2023
558,Tristam,Clausen-Thue,tclausenthuefh@prweb.com,Male,76-437-8475,Sweden,11/7/2022
559,Ingrid,Elliot,ielliotfi@i2i.jp,Female,17-933-1221,Cameroon,8/8/2022
560,Shina,Bauduccio,sbauducciofj@java.com,Female,23-633-9206,Israel,7/20/2022
561,Kurtis,Thirlaway,kthirlawayfk@tripadvisor.com,Male,49-150-2478,Argentina,10/8/2022
562,Lorenzo,Bascombe,lbascombefl@imgur.com,Male,58-536-4007,Indonesia,1/12/2023
563,Andee,Walliker,awallikerfm@upenn.edu,Female,56-699-8181,France,1/23/2023
564,Francoise,Lilleycrop,flilleycropfn@issuu.com,Genderqueer,14-377-7254,Egypt,6/20/2022
565,Hewie,Swainger,hswaingerfo@cbslocal.com,Male,52-785-4304,Denmark,11/25/2022
566,Kippar,Boutcher,kboutcherfp@hao123.com,Male,94-093-8160,China,11/22/2022
567,Corie,Lias,cliasfq@barnesandnoble.com,Female,56-854-0238,China,3/23/2023
568,Allie,Ferrige,aferrigefr@1und1.de,Male,46-786-9043,Syria,1/26/2023
569,Moe,Stede,mstedefs@tripadvisor.com,Male,49-710-1096,Vietnam,10/9/2022
570,Kaitlyn,Unitt,kunittft@drupal.org,Female,64-130-9159,Canada,8/16/2022
571,Batsheva,Hembery,bhemberyfu@blogspot.com,Female,89-237-3659,South Africa,11/16/2022
572,Darius,Hannan,dhannanfv@senate.gov,Male,57-810-5544,Indonesia,5/12/2023
573,Stanislaw,Sturdgess,ssturdgessfw@elegantthemes.com,Male,51-222-1742,Belarus,5/3/2023
574,Barth,Blaksley,bblaksleyfx@prlog.org,Male,72-107-1539,Indonesia,12/3/2022
575,Mack,Cushion,mcushionfy@tripod.com,Male,57-529-1574,Kosovo,2/1/2023
576,Harwilll,Bilsford,hbilsfordfz@oaic.gov.au,Male,15-009-4954,Thailand,1/16/2023
577,Burty,Medlin,bmedling0@jimdo.com,Male,63-577-8529,China,7/4/2022
578,Jimmie,Matokhnin,jmatokhning1@phoca.cz,Male,56-797-2449,Niger,10/26/2022
579,Gustave,Littlemore,glittlemoreg2@edublogs.org,Male,35-081-2187,Russia,5/1/2023
580,Ximenez,Regina,xreginag3@sphinn.com,Male,84-065-6953,Colombia,5/27/2022
581,Haskell,Jerzycowski,hjerzycowskig4@dell.com,Male,59-497-4211,Latvia,10/11/2022
582,Deanne,Sneden,dsnedeng5@desdev.cn,Female,08-353-2606,Bangladesh,4/8/2023
583,Petronille,Vasilchenko,pvasilchenkog6@jiathis.com,Agender,85-181-4475,Israel,5/26/2023
584,Bordy,Myford,bmyfordg7@so-net.ne.jp,Male,44-810-0370,Poland,11/15/2022
585,Vikky,McHardy,vmchardyg8@naver.com,Female,16-263-9868,China,10/5/2022
586,Karlene,Maulden,kmauldeng9@pen.io,Female,84-067-8360,Tunisia,1/8/2023
587,Lusa,Gulleford,lgullefordga@dailymail.co.uk,Female,75-020-9720,China,5/6/2023
588,Carmita,Hedley,chedleygb@imdb.com,Female,94-577-4178,France,10/6/2022
589,Emmery,Atkin,eatkingc@bloglovin.com,Male,69-778-0783,United States,5/25/2023
590,Waldo,Grinnov,wgrinnovgd@google.co.uk,Male,98-923-3720,China,11/6/2022
591,Anabal,Ready,areadyge@state.tx.us,Female,76-982-9339,Japan,11/18/2022
592,Gardener,Gayler,ggaylergf@slashdot.org,Male,81-689-3088,Sweden,8/24/2022
593,Erroll,Heaps,eheapsgg@patch.com,Male,82-183-0361,Morocco,1/21/2023
594,Ravi,Christoffe,rchristoffegh@bbc.co.uk,Male,53-990-8986,Colombia,2/6/2023
595,Morlee,Ardy,mardygi@cdbaby.com,Male,65-895-2750,China,10/29/2022
596,Munmro,Baron,mbarongj@etsy.com,Male,95-507-3004,China,1/3/2023
597,Lauralee,Broscombe,lbroscombegk@cdbaby.com,Female,59-334-2388,Philippines,6/5/2022
598,Hale,Beccero,hbeccerogl@google.com.br,Male,64-308-4457,China,10/14/2022
599,Hyatt,Belloch,hbellochgm@wiley.com,Male,70-952-0182,Australia,9/19/2022
600,Eileen,Ragbourn,eragbourngn@adobe.com,Female,83-278-6339,Thailand,6/24/2022
601,Faina,Ellingsworth,fellingsworthgo@who.int,Female,13-999-4705,Russia,3/13/2023
602,Hallie,Clifft,hclifftgp@creativecommons.org,Female,47-140-3236,United States,4/10/2023
603,Juditha,Feares,jfearesgq@epa.gov,Female,76-636-4665,Indonesia,4/13/2023
604,Josh,Vannikov,jvannikovgr@npr.org,Male,73-415-1860,China,7/20/2022
605,Rickard,Lanfranconi,rlanfranconigs@diigo.com,Genderqueer,68-887-4512,Sweden,3/18/2023
606,Laughton,Josse,ljossegt@opensource.org,Male,16-181-8305,Japan,4/13/2023
607,Paule,Sambidge,psambidgegu@whitehouse.gov,Female,58-097-4898,China,3/15/2023
608,Ailyn,Denington,adeningtongv@amazon.de,Female,52-286-3521,Jordan,4/9/2023
609,Buffy,Heggadon,bheggadongw@bravesites.com,Female,41-600-3516,El Salvador,5/23/2023
610,Alvis,Hutcheons,ahutcheonsgx@theglobeandmail.com,Male,68-057-6169,Yemen,7/21/2022
611,Quinn,Rumke,qrumkegy@smh.com.au,Female,67-015-3505,Belarus,7/11/2022
612,Marjy,Sheers,msheersgz@reddit.com,Female,09-309-6551,China,5/10/2023
613,Jeannie,Stansell,jstansellh0@businessinsider.com,Female,29-823-4223,South Africa,11/10/2022
614,Gray,Henriet,ghenrieth1@bloglovin.com,Bigender,92-809-5807,Japan,10/22/2022
615,Mohandas,Stinson,mstinsonh2@shareasale.com,Male,96-483-1539,Indonesia,12/8/2022
616,Reggie,Lea,rleah3@netvibes.com,Male,20-586-2696,Czech Republic,8/31/2022
617,Eleanora,Meneo,emeneoh4@live.com,Genderfluid,18-841-9831,Poland,10/31/2022
618,Caddric,Airy,cairyh5@shop-pro.jp,Male,17-243-6270,New Caledonia,7/19/2022
619,Arturo,Hedan,ahedanh6@wiley.com,Male,97-578-0425,Brazil,4/6/2023
620,Engelbert,Follos,efollosh7@yellowbook.com,Male,08-189-3489,China,1/31/2023
621,Doyle,Swithenby,dswithenbyh8@netscape.com,Male,53-804-5148,Palestinian Territory,3/12/2023
622,Cornie,Deerness,cdeernessh9@marketwatch.com,Female,88-489-7341,France,4/21/2023
623,Wake,Berrycloth,wberryclothha@java.com,Male,56-702-6473,Indonesia,9/29/2022
624,Alfy,Day,adayhb@seattletimes.com,Male,77-159-8084,Slovakia,1/7/2023
625,Seka,Diable,sdiablehc@soundcloud.com,Female,94-101-0784,Burkina Faso,12/23/2022
626,Nealon,Cumbridge,ncumbridgehd@youku.com,Male,79-518-9187,Russia,12/13/2022
627,Bathsheba,Patmore,bpatmorehe@shop-pro.jp,Female,09-338-9624,Philippines,1/5/2023
628,Truda,MacShirie,tmacshiriehf@dell.com,Female,42-390-6892,Czech Republic,10/11/2022
629,Car,Conry,cconryhg@youtu.be,Male,95-559-4907,Saudi Arabia,8/1/2022
630,Broderic,Kasper,bkasperhh@taobao.com,Male,34-620-9208,China,1/27/2023
631,Rickey,Pring,rpringhi@360.cn,Male,75-690-8946,France,4/20/2023
632,Dewain,Izatson,dizatsonhj@multiply.com,Male,89-957-9985,Brazil,4/14/2023
633,Gypsy,Methringham,gmethringhamhk@rambler.ru,Female,06-198-7323,Philippines,6/9/2022
634,Cammy,Mellings,cmellingshl@gnu.org,Male,65-919-5442,China,10/10/2022
635,Benjamen,Harken,bharkenhm@netscape.com,Male,26-658-8289,Sweden,3/9/2023
636,Zolly,Powers,zpowershn@netscape.com,Male,63-333-9856,Greece,1/11/2023
637,Elinore,Devanny,edevannyho@nba.com,Female,82-017-3649,Botswana,1/17/2023
638,Caye,Simnett,csimnetthp@youtube.com,Polygender,76-606-2221,China,6/3/2022
639,Poul,Haggidon,phaggidonhq@studiopress.com,Male,61-991-6711,Vietnam,9/30/2022
640,Forster,Fyfe,ffyfehr@zimbio.com,Male,43-869-9113,Philippines,10/25/2022
641,Melania,McCombe,mmccombehs@reddit.com,Female,90-931-1954,China,9/10/2022
642,Fina,Perkis,fperkisht@vistaprint.com,Female,45-515-5695,China,1/6/2023
643,Gabby,Rief,griefhu@devhub.com,Male,98-151-5926,Indonesia,12/29/2022
644,Thorn,Fadell,tfadellhv@sourceforge.net,Non-binary,03-232-8011,Philippines,11/7/2022
645,Herb,Attreed,hattreedhw@mtv.com,Male,35-161-3322,China,6/19/2022
646,Hector,Fulford,hfulfordhx@bandcamp.com,Male,26-076-1021,Russia,9/6/2022
647,Wittie,Josefer,wjoseferhy@is.gd,Male,71-971-7238,United States,1/14/2023
648,Walton,Moule,wmoulehz@github.io,Male,92-588-3279,China,9/13/2022
649,Izzy,Yesenev,iyesenevi0@stumbleupon.com,Male,11-276-6516,Portugal,5/18/2023
650,Darrelle,Beaman,dbeamani1@sitemeter.com,Female,33-701-6602,China,1/31/2023
651,Zebulen,Bonallick,zbonallicki2@vkontakte.ru,Male,86-337-9968,Czech Republic,5/14/2023
652,Marti,Burbridge,mburbridgei3@irs.gov,Female,99-016-2771,Russia,9/12/2022
653,Graehme,Zamora,gzamorai4@tuttocitta.it,Non-binary,50-977-8468,Russia,12/22/2022
654,Amerigo,Sweetlove,asweetlovei5@shareasale.com,Male,16-452-5784,Afghanistan,12/3/2022
655,Shayla,Preist,spreisti6@bandcamp.com,Female,71-928-4524,Czech Republic,8/1/2022
656,Olympia,Beevens,obeevensi7@oaic.gov.au,Female,91-018-5391,Russia,1/2/2023
657,Catharine,Spraging,cspragingi8@google.de,Genderqueer,13-499-8714,Colombia,10/13/2022
658,Valida,Halliwell,vhalliwelli9@dot.gov,Female,71-205-6299,Brazil,9/26/2022
659,Stefano,Breakey,sbreakeyia@altervista.org,Male,07-728-9116,Madagascar,11/16/2022
660,Dore,Tevelov,dtevelovib@artisteer.com,Male,32-419-9398,Macedonia,1/11/2023
661,Mic,Beetlestone,mbeetlestoneic@jiathis.com,Male,26-425-7242,Mongolia,6/30/2022
662,Karlens,Georgelin,kgeorgelinid@ocn.ne.jp,Male,92-912-3228,China,10/16/2022
663,Becki,Romaint,bromaintie@usgs.gov,Female,40-908-7131,South Africa,3/1/2023
664,Wright,Goodanew,wgoodanewif@icio.us,Male,30-230-7895,Slovenia,9/16/2022
665,Franky,Dovey,fdoveyig@hostgator.com,Female,48-934-1889,China,12/14/2022
666,Rourke,Fillis,rfillisih@state.gov,Male,99-229-5358,Philippines,12/20/2022
667,Norean,Templeton,ntempletonii@usa.gov,Female,07-206-6546,Philippines,1/24/2023
668,Edyth,Zylbermann,ezylbermannij@pagesperso-orange.fr,Female,43-904-2498,China,12/27/2022
669,Marinna,Raoult,mraoultik@pcworld.com,Female,50-258-2415,New Zealand,2/17/2023
670,Shari,Whorlton,swhorltonil@rambler.ru,Female,58-601-1562,Czech Republic,1/19/2023
671,Kimmy,Dondon,kdondonim@cdc.gov,Female,19-552-1901,China,6/22/2022
672,Kimmi,Bentick,kbentickin@feedburner.com,Female,93-546-4096,Sweden,6/29/2022
673,Shayna,Durning,sdurningio@wiley.com,Female,58-259-3843,Philippines,5/19/2023
674,Phebe,MacGrath,pmacgrathip@intel.com,Female,58-153-7174,China,9/15/2022
675,Viviyan,Bawdon,vbawdoniq@europa.eu,Female,35-354-5738,Bulgaria,7/12/2022
676,Gelya,Kamall,gkamallir@shareasale.com,Female,46-083-8134,Russia,11/24/2022
677,Larisa,Ferronet,lferronetis@ehow.com,Female,44-675-3600,Czech Republic,12/12/2022
678,Thedrick,Colomb,tcolombit@slate.com,Male,67-065-8973,China,5/27/2022
679,Maryanna,Althrop,malthropiu@networksolutions.com,Female,30-935-9734,Indonesia,5/10/2023
680,Demott,Stroud,dstroudiv@microsoft.com,Male,14-613-1702,Panama,8/9/2022
681,Pablo,Fanner,pfanneriw@wikimedia.org,Male,12-012-6029,China,1/29/2023
682,Toby,Saltmarsh,tsaltmarshix@paypal.com,Male,28-530-0837,Morocco,10/15/2022
683,Frederich,Rought,froughtiy@cocolog-nifty.com,Male,46-363-8968,China,6/4/2022
684,Laurella,Keneleyside,lkeneleysideiz@example.com,Female,10-459-0145,Ukraine,4/10/2023
685,Tobe,Belleny,tbellenyj0@bing.com,Male,54-008-7627,Indonesia,11/30/2022
686,Matthias,Figg,mfiggj1@blogger.com,Male,58-357-8927,Germany,10/9/2022
687,Christiane,Alfonso,calfonsoj2@va.gov,Female,72-207-8114,Indonesia,2/13/2023
688,Brittney,Kelsey,bkelseyj3@pagesperso-orange.fr,Female,83-794-3855,South Africa,3/2/2023
689,Lief,Gooderridge,lgooderridgej4@weebly.com,Male,97-588-0409,China,3/26/2023
690,Spense,Byrde,sbyrdej5@addtoany.com,Male,17-178-1429,Mali,12/5/2022
691,Viva,Innis,vinnisj6@nyu.edu,Female,65-886-8343,Czech Republic,4/12/2023
692,Archibold,Jex,ajexj7@angelfire.com,Male,03-958-2360,Russia,9/7/2022
693,Blake,Hansed,bhansedj8@aol.com,Genderfluid,71-999-5574,Sweden,8/8/2022
694,Jerrylee,Rushbrook,jrushbrookj9@reuters.com,Female,66-875-3001,China,11/30/2022
695,Quent,Malinowski,qmalinowskija@shutterfly.com,Agender,92-666-4978,United States,5/30/2022
696,Damiano,Chaldecott,dchaldecottjb@howstuffworks.com,Male,33-415-9552,Russia,10/3/2022
697,Penelopa,Alvar,palvarjc@unc.edu,Genderfluid,49-429-0847,Libya,7/15/2022
698,Cathrine,Dot,cdotjd@bbc.co.uk,Female,22-121-4606,Pakistan,12/17/2022
699,Leonerd,O'Halligan,lohalliganje@goodreads.com,Male,34-928-2376,China,12/26/2022
700,Yardley,Kibbee,ykibbeejf@marriott.com,Male,82-485-8259,Ukraine,8/5/2022
701,Delmor,Anker,dankerjg@google.com,Male,71-923-9724,China,11/2/2022
702,Tabb,Whellans,twhellansjh@hatena.ne.jp,Male,06-350-1101,Brazil,8/22/2022
703,Evyn,Seneschal,eseneschalji@hibu.com,Male,05-226-6800,China,4/19/2023
704,Sheffy,Goncalo,sgoncalojj@4shared.com,Male,16-913-5928,Indonesia,12/2/2022
705,Rossie,Eddowis,reddowisjk@123-reg.co.uk,Male,78-985-5355,China,8/31/2022
706,Karly,Lefley,klefleyjl@free.fr,Female,97-131-0835,Indonesia,8/6/2022
707,Moll,Arnaudi,marnaudijm@macromedia.com,Female,25-779-1602,China,5/8/2023
708,Tod,Blockley,tblockleyjn@ft.com,Male,48-414-6718,Madagascar,12/7/2022
709,Tadio,Lafay,tlafayjo@kickstarter.com,Male,74-119-5561,Indonesia,2/20/2023
710,Gradeigh,Haryngton,gharyngtonjp@fc2.com,Male,23-687-9066,Sweden,10/11/2022
711,Davin,Slack,dslackjq@rediff.com,Male,60-676-6609,Canada,8/24/2022
712,Bea,Crosfeld,bcrosfeldjr@timesonline.co.uk,Agender,53-992-6050,Indonesia,9/3/2022
713,Evangeline,Braney,ebraneyjs@stanford.edu,Female,23-977-7267,Afghanistan,7/3/2022
714,Maxim,Coning,mconingjt@histats.com,Male,47-448-6492,Indonesia,2/27/2023
715,Arte,Ubee,aubeeju@youtube.com,Male,51-667-3357,Australia,7/11/2022
716,Kent,Tregear,ktregearjv@homestead.com,Male,62-608-9059,Argentina,1/27/2023
717,Rowland,Skyner,rskynerjw@blinklist.com,Male,73-420-8230,Brazil,7/29/2022
718,Crissy,Vuittet,cvuittetjx@delicious.com,Bigender,80-306-5151,China,9/23/2022
719,Aldrich,Insko,ainskojy@so-net.ne.jp,Male,77-190-7173,China,4/9/2023
720,Cassius,Regnard,cregnardjz@instagram.com,Male,75-845-8037,China,1/31/2023
721,See,Kinavan,skinavank0@google.it,Male,34-903-6480,Indonesia,8/29/2022
722,Bibi,Lodge,blodgek1@odnoklassniki.ru,Female,74-256-3371,Philippines,11/30/2022
723,Daniel,Barringer,dbarringerk2@toplist.cz,Male,19-158-0808,Venezuela,11/30/2022
724,Amanda,Corter,acorterk3@sitemeter.com,Female,14-599-7612,Armenia,8/10/2022
725,Bette,Whiteson,bwhitesonk4@amazon.com,Female,12-214-4882,Poland,9/22/2022
726,Klara,Ashbrook,kashbrookk5@plala.or.jp,Female,87-766-8560,France,1/4/2023
727,Hunter,Matieu,hmatieuk6@usgs.gov,Male,72-408-4707,Cyprus,4/23/2023
728,Rodd,Pierson,rpiersonk7@squidoo.com,Male,19-176-8539,Mexico,9/17/2022
729,Jeane,Coping,jcopingk8@cargocollective.com,Female,03-701-1400,Czech Republic,3/6/2023
730,Andie,Heditch,aheditchk9@shareasale.com,Male,76-103-0754,Indonesia,7/4/2022
731,Ward,Fishpond,wfishpondka@loc.gov,Male,30-367-9165,China,7/14/2022
732,Mitchael,Wrench,mwrenchkb@xinhuanet.com,Male,88-103-6658,China,1/15/2023
733,Teresina,Huntingford,thuntingfordkc@squarespace.com,Female,91-471-8503,Peru,10/3/2022
734,Jania,Shelly,jshellykd@jalbum.net,Female,83-563-3529,Japan,8/22/2022
735,Cointon,Filppetti,cfilppettike@kickstarter.com,Male,96-316-2131,Philippines,4/13/2023
736,Henrik,Bulfoy,hbulfoykf@1688.com,Male,15-314-3993,China,10/4/2022
737,Sabina,Palke,spalkekg@bigcartel.com,Bigender,57-845-2618,Netherlands,9/11/2022
738,Natalie,Skeemor,nskeemorkh@slate.com,Female,61-537-0194,France,2/17/2023
739,Megen,Meiningen,mmeiningenki@miitbeian.gov.cn,Female,71-610-9168,Jordan,11/21/2022
740,Jermain,Edwick,jedwickkj@eventbrite.com,Male,65-234-2406,China,2/16/2023
741,Dori,Pellington,dpellingtonkk@simplemachines.org,Agender,25-868-8603,Iceland,3/5/2023
742,Carce,Shimwall,cshimwallkl@w3.org,Genderqueer,25-395-0462,Philippines,6/28/2022
743,Daile,Kyteley,dkyteleykm@jalbum.net,Female,72-748-6644,Malta,12/3/2022
744,Roman,Bowich,rbowichkn@tinyurl.com,Genderqueer,79-067-8630,Brazil,7/10/2022
745,Yoshiko,Dany,ydanyko@hexun.com,Female,80-735-4805,United States,9/24/2022
746,Paulita,Joris,pjoriskp@scientificamerican.com,Genderfluid,76-760-4030,China,1/10/2023
747,Duffy,Stopford,dstopfordkq@privacy.gov.au,Male,00-693-2675,Russia,10/12/2022
748,Rosanne,Simonard,rsimonardkr@adobe.com,Female,62-655-6464,Mexico,11/8/2022
749,Nonna,Tarbox,ntarboxks@vinaora.com,Bigender,42-815-7398,China,4/12/2023
750,Cordi,Balme,cbalmekt@wiley.com,Female,08-247-9444,Czech Republic,5/4/2023
751,Washington,Shirrell,wshirrellku@newyorker.com,Male,16-986-9270,China,3/18/2023
752,Emmet,Welland,ewellandkv@arstechnica.com,Male,46-833-1026,Indonesia,10/23/2022
753,Bronnie,Mendus,bmenduskw@seesaa.net,Male,20-195-0227,Guinea,12/6/2022
754,Elsbeth,Birkenshaw,ebirkenshawkx@bing.com,Female,15-302-8644,Bahrain,11/14/2022
755,Mala,Tenman,mtenmanky@printfriendly.com,Female,98-937-8532,Greece,12/12/2022
756,Halsy,Gitthouse,hgitthousekz@1688.com,Agender,96-063-2406,Portugal,1/23/2023
757,Cassaundra,Alans,calansl0@alibaba.com,Agender,22-759-5459,China,10/8/2022
758,Brandtr,Dolligon,bdolligonl1@biblegateway.com,Agender,31-679-2795,China,2/26/2023
759,Irene,Chamberlain,ichamberlainl2@reverbnation.com,Female,88-322-8728,China,9/19/2022
760,Catherin,Northen,cnorthenl3@fotki.com,Female,13-827-4858,Ukraine,6/15/2022
761,Bartie,Winslow,bwinslowl4@arizona.edu,Male,07-313-3730,United States,5/7/2023
762,Rania,Eleshenar,releshenarl5@telegraph.co.uk,Female,39-948-2093,China,9/8/2022
763,Siffre,Colmore,scolmorel6@cafepress.com,Male,75-650-5826,Germany,2/19/2023
764,Britt,Vela,bvelal7@hostgator.com,Male,70-541-2680,China,9/5/2022
765,Jillane,Gimeno,jgimenol8@opera.com,Female,26-491-5055,Indonesia,10/26/2022
766,Morgan,Pesak,mpesakl9@ed.gov,Non-binary,25-520-5223,Brazil,1/4/2023
767,Radcliffe,Nevett,rnevettla@sfgate.com,Male,61-712-0057,China,11/9/2022
768,Luis,Stonall,lstonalllb@redcross.org,Male,32-120-1489,United States,9/17/2022
769,Rem,Mosdill,rmosdilllc@howstuffworks.com,Male,24-983-3437,Greece,7/30/2022
770,Anna-diane,Ligertwood,aligertwoodld@about.com,Female,80-794-8127,Indonesia,8/14/2022
771,Karlene,Daw,kdawle@china.com.cn,Female,64-404-3030,Portugal,10/21/2022
772,Bert,Craigie,bcraigielf@army.mil,Male,96-601-9640,Czech Republic,2/3/2023
773,Janelle,Taks,jtakslg@lycos.com,Female,63-320-9192,Chad,10/26/2022
774,Daniele,Mayo,dmayolh@w3.org,Female,31-697-7833,China,7/28/2022
775,Berkley,Joy,bjoyli@japanpost.jp,Male,63-141-2516,Indonesia,10/10/2022
776,Kile,Banane,kbananelj@bing.com,Genderfluid,71-128-7927,Poland,7/23/2022
777,Nealon,McKee,nmckeelk@phoca.cz,Male,27-907-8863,China,7/24/2022
778,Corenda,Marvin,cmarvinll@hao123.com,Female,51-125-7660,China,6/15/2022
779,Adelind,Jiles,ajileslm@123-reg.co.uk,Female,04-760-4574,Indonesia,9/7/2022
780,Adi,Willoughey,awillougheyln@ebay.com,Female,95-033-3980,Norway,8/20/2022
781,Arny,Buttfield,abuttfieldlo@canalblog.com,Male,73-595-5512,Indonesia,4/3/2023
782,Karoly,Chilcotte,kchilcottelp@businessinsider.com,Female,31-196-6087,Czech Republic,8/30/2022
783,Chicky,Inott,cinottlq@fc2.com,Male,92-229-9618,Mexico,8/24/2022
784,Marika,Graybeal,mgraybeallr@netvibes.com,Female,64-209-8308,Poland,4/24/2023
785,Lancelot,Clue,lcluels@seattletimes.com,Male,92-909-6464,Venezuela,1/12/2023
786,Vanny,Gillard,vgillardlt@cnbc.com,Female,65-236-5667,Indonesia,2/13/2023
787,Susy,Cleghorn,scleghornlu@spiegel.de,Female,10-320-1047,Poland,3/31/2023
788,Nicolas,Hairs,nhairslv@europa.eu,Male,97-667-8092,Indonesia,11/29/2022
789,Naoma,Inskipp,ninskipplw@reference.com,Female,03-464-1582,Indonesia,3/23/2023
790,Beltran,Studde,bstuddelx@cyberchimps.com,Male,56-806-0908,Comoros,4/26/2023
791,Elmer,Wadworth,ewadworthly@php.net,Male,56-312-4826,France,5/19/2023
792,Randie,Petric,rpetriclz@tuttocitta.it,Female,71-035-0990,Philippines,6/6/2022
793,Lucien,Eliff,leliffm0@skyrock.com,Male,56-961-4613,Portugal,2/3/2023
794,Horst,Yanshinov,hyanshinovm1@networksolutions.com,Male,41-273-2107,China,8/30/2022
795,Brunhilda,Witter,bwitterm2@google.co.jp,Non-binary,31-497-5101,Brazil,5/7/2023
796,Marc,Ephson,mephsonm3@wix.com,Male,19-760-5402,Afghanistan,7/13/2022
797,Trula,Skaife,tskaifem4@ucoz.ru,Female,76-754-2218,China,8/4/2022
798,Orelee,Linster,olinsterm5@tripod.com,Female,71-536-2171,Cuba,12/13/2022
799,Cy,Learmonth,clearmonthm6@tripod.com,Male,05-003-0789,Nigeria,10/19/2022
800,Corissa,Lummus,clummusm7@flavors.me,Female,06-846-2204,United States,9/23/2022
801,Reta,Dutchburn,rdutchburnm8@vimeo.com,Female,83-265-7985,Poland,1/18/2023
802,Jade,Cufley,jcufleym9@wikispaces.com,Female,69-706-2883,China,2/14/2023
803,Minor,Mulvy,mmulvyma@dell.com,Genderqueer,06-072-9707,China,5/15/2023
804,Liz,Cussen,lcussenmb@hud.gov,Female,61-585-2812,Sweden,1/17/2023
805,Finlay,Helkin,fhelkinmc@trellian.com,Male,56-762-4202,Portugal,1/17/2023
806,Yule,Barnardo,ybarnardomd@nydailynews.com,Male,95-328-0047,Indonesia,7/8/2022
807,Forrester,Barstowk,fbarstowkme@woothemes.com,Male,12-167-3732,Nepal,3/4/2023
808,Perice,Do,pdomf@qq.com,Male,88-454-8016,Indonesia,4/21/2023
809,Tina,Hufton,thuftonmg@istockphoto.com,Female,44-567-5524,Thailand,7/11/2022
810,Constantina,O'Mara,comaramh@wisc.edu,Female,58-360-8531,Indonesia,7/7/2022
811,Harmonia,Kondrachenko,hkondrachenkomi@desdev.cn,Bigender,71-066-2740,Honduras,12/7/2022
812,Dean,Cordeau,dcordeaumj@cnbc.com,Male,07-238-6670,Thailand,12/15/2022
813,Zita,Midlar,zmidlarmk@bing.com,Female,68-324-6224,Paraguay,12/24/2022
814,Costa,Javes,cjavesml@theglobeandmail.com,Male,42-005-0629,New Zealand,5/2/2023
815,Ros,Frowde,rfrowdemm@paginegialle.it,Female,86-737-7699,Poland,11/10/2022
816,Bertie,McLachlan,bmclachlanmn@google.ca,Male,49-748-5460,Indonesia,4/12/2023
817,Ibrahim,Gowanlock,igowanlockmo@arizona.edu,Male,76-018-7375,Japan,12/16/2022
818,Aurilia,Gudeman,agudemanmp@narod.ru,Female,51-800-5327,Indonesia,4/25/2023
819,Job,Churchouse,jchurchousemq@squidoo.com,Male,13-834-4572,China,11/23/2022
820,Leena,Sheppard,lsheppardmr@zdnet.com,Agender,74-171-5787,Indonesia,10/12/2022
821,Artemus,Fitton,afittonms@shop-pro.jp,Male,52-500-1974,Barbados,12/7/2022
822,Ingelbert,Peddowe,ipeddowemt@sciencedirect.com,Male,96-570-6618,Russia,5/4/2023
823,Christian,Kain,ckainmu@nba.com,Female,70-485-0947,Poland,6/2/2022
824,Ernesto,Casotti,ecasottimv@google.com.br,Male,29-203-6597,China,4/3/2023
825,Shawna,Cripin,scripinmw@ask.com,Female,22-948-6515,Brazil,8/26/2022
826,Etan,Rubie,erubiemx@imgur.com,Male,15-735-5251,Kazakhstan,2/7/2023
827,Cynthie,Lockery,clockerymy@vimeo.com,Female,76-280-9771,Netherlands,1/22/2023
828,Kurtis,Tadman,ktadmanmz@reference.com,Male,58-276-6652,Indonesia,7/5/2022
829,Marci,Lecky,mleckyn0@discuz.net,Female,02-686-3173,Brazil,1/6/2023
830,Dov,Tacey,dtaceyn1@bigcartel.com,Male,06-056-6382,United States,5/29/2022
831,Tarah,Ryan,tryann2@tripadvisor.com,Female,36-418-1544,Poland,12/31/2022
832,Coretta,Rops,cropsn3@unicef.org,Female,33-709-9446,Ireland,12/4/2022
833,Terese,Bollard,tbollardn4@sogou.com,Female,25-675-5852,France,2/23/2023
834,Marc,Gates,mgatesn5@cmu.edu,Male,52-598-5539,Russia,4/17/2023
835,Gayler,Staden,gstadenn6@upenn.edu,Male,95-674-2168,Ukraine,6/1/2022
836,Feliza,Preskett,fpreskettn7@google.pl,Female,73-885-8670,Poland,9/28/2022
837,Harrietta,Reisin,hreisinn8@tiny.cc,Female,02-814-7292,China,10/15/2022
838,Lorilyn,Wheeler,lwheelern9@nationalgeographic.com,Female,82-467-7392,France,5/4/2023
839,Christye,Delmage,cdelmagena@google.ru,Female,85-241-5230,China,7/11/2022
840,Wilhelmine,Collabine,wcollabinenb@home.pl,Female,83-750-6633,Indonesia,10/10/2022
841,Haydon,Fydoe,hfydoenc@google.ru,Male,08-870-0554,Argentina,2/28/2023
842,Aylmar,Cuttler,acuttlernd@comcast.net,Male,18-465-8683,Philippines,7/10/2022
843,Bonni,MacArthur,bmacarthurne@comsenz.com,Genderqueer,08-721-7060,South Africa,2/20/2023
844,Janela,MacKeogh,jmackeoghnf@marriott.com,Female,90-100-3669,China,4/30/2023
845,Martyn,Howett,mhowettng@state.tx.us,Male,06-585-7231,Brazil,3/3/2023
846,Dill,Lamputt,dlamputtnh@europa.eu,Male,87-054-2134,China,11/27/2022
847,Richart,Milier,rmilierni@acquirethisname.com,Male,01-537-7352,China,8/19/2022
848,Elfie,Purdon,epurdonnj@guardian.co.uk,Female,42-648-6326,Indonesia,10/8/2022
849,Jeremias,Tillard,jtillardnk@go.com,Male,05-001-3900,China,2/15/2023
850,Siobhan,Harbach,sharbachnl@jalbum.net,Female,80-966-9980,United States,10/10/2022
851,Ingrim,O'Bradain,iobradainnm@networkadvertising.org,Male,28-129-1206,China,3/1/2023
852,Corrinne,Naptin,cnaptinnn@geocities.com,Female,21-253-0411,Sierra Leone,9/2/2022
853,Chauncey,Glyne,cglyneno@youku.com,Male,25-216-4418,Portugal,11/13/2022
854,Cristen,Meneely,cmeneelynp@state.gov,Female,55-624-1684,Peru,5/18/2023
855,Tobit,Hartwright,thartwrightnq@reverbnation.com,Male,67-277-1786,Peru,8/21/2022
856,Marten,Gratrix,mgratrixnr@google.ru,Male,61-346-2126,Russia,2/22/2023
857,Dominga,Sandison,dsandisonns@amazonaws.com,Female,22-857-0529,Russia,8/24/2022
858,Barbabra,Baribal,bbaribalnt@unesco.org,Female,79-786-2727,Greece,7/27/2022
859,Marita,Stote,mstotenu@yolasite.com,Female,40-093-2213,Portugal,8/28/2022
860,Isis,Lauderdale,ilauderdalenv@indiegogo.com,Female,71-992-2825,Indonesia,5/14/2023
861,Dee dee,Scrivner,dscrivnernw@exblog.jp,Female,91-819-3157,Estonia,1/24/2023
862,Vladimir,Westrey,vwestreynx@forbes.com,Male,16-322-3605,China,5/10/2023
863,Ellyn,Obeney,eobeneyny@ning.com,Female,59-183-0837,China,2/21/2023
864,Theobald,Devonish,tdevonishnz@pinterest.com,Male,86-428-8987,Indonesia,3/13/2023
865,Glenn,Caws,gcawso0@printfriendly.com,Female,09-488-5145,China,1/30/2023
866,Errick,Willmot,ewillmoto1@reddit.com,Genderqueer,13-872-8063,Poland,6/27/2022
867,Barbe,Frankham,bfrankhamo2@pagesperso-orange.fr,Female,62-449-9350,Macedonia,12/12/2022
868,Liesa,Northing,lnorthingo3@prweb.com,Polygender,31-949-0792,China,1/1/2023
869,Helli,Nerney,hnerneyo4@stanford.edu,Female,15-021-2880,Brazil,12/17/2022
870,Hakeem,Kurt,hkurto5@trellian.com,Male,79-315-4061,Honduras,5/19/2023
871,Corney,Chaffer,cchaffero6@vinaora.com,Male,27-667-9237,Poland,7/23/2022
872,Aridatha,Joderli,ajoderlio7@w3.org,Female,45-284-9622,China,9/2/2022
873,Isis,Fabbri,ifabbrio8@nhs.uk,Female,75-485-3703,Russia,10/8/2022
874,Mariana,Conradsen,mconradseno9@wordpress.org,Female,82-816-0128,Greece,3/8/2023
875,Henrietta,Raftery,hrafteryoa@admin.ch,Female,91-049-7386,Slovenia,10/11/2022
876,Rosalyn,Rubes,rrubesob@list-manage.com,Female,76-943-9357,China,6/27/2022
877,Bernelle,Farrey,bfarreyoc@aboutads.info,Female,32-746-2136,Democratic Republic of the Congo,9/26/2022
878,Huntley,Tearle,htearleod@reddit.com,Male,24-781-0303,China,3/12/2023
879,Hillyer,Digan,hdiganoe@comsenz.com,Male,98-181-7221,Brazil,12/7/2022
880,Norah,Sabin,nsabinof@bandcamp.com,Female,97-241-3571,Indonesia,1/1/2023
881,Becka,Karpmann,bkarpmannog@people.com.cn,Agender,22-158-3886,Russia,7/26/2022
882,Dayna,Helling,dhellingoh@whitehouse.gov,Female,14-460-0642,Philippines,4/1/2023
883,Hinze,Tollow,htollowoi@dailymotion.com,Male,30-242-8825,Argentina,4/28/2023
884,Zandra,Bett,zbettoj@google.de,Female,31-530-3765,Indonesia,6/22/2022
885,Ethelred,Heinritz,eheinritzok@ezinearticles.com,Male,94-064-4989,Brazil,9/18/2022
886,Tades,Peasegood,tpeasegoodol@google.cn,Male,47-846-5022,Philippines,3/24/2023
887,Carmen,Beswetherick,cbeswetherickom@intel.com,Female,51-992-7651,China,10/22/2022
888,Leigh,Streat,lstreaton@samsung.com,Male,98-351-5867,Russia,4/27/2023
889,Anthiathia,France,afranceoo@dailymotion.com,Female,21-947-3383,Russia,3/15/2023
890,Meggi,Cockroft,mcockroftop@discovery.com,Female,08-013-5270,Japan,12/6/2022
891,Brena,O'Calleran,bocalleranoq@printfriendly.com,Bigender,71-053-7004,Mali,8/23/2022
892,Carlynn,Bitcheno,cbitchenoor@vk.com,Female,56-236-2597,Russia,11/11/2022
893,Brear,Moffet,bmoffetos@boston.com,Genderfluid,99-039-7263,France,5/24/2023
894,Florri,Yankishin,fyankishinot@umich.edu,Female,75-356-0426,Brazil,9/18/2022
895,Hamid,Bruty,hbrutyou@linkedin.com,Male,33-141-6135,China,9/22/2022
896,Janela,Hawken,jhawkenov@go.com,Female,63-505-6857,Peru,8/6/2022
897,Daffi,Meates,dmeatesow@netlog.com,Female,94-299-2093,Estonia,12/25/2022
898,Idalina,Learmount,ilearmountox@diigo.com,Female,47-043-8023,France,1/29/2023
899,Xever,Waliszewski,xwaliszewskioy@php.net,Male,58-344-7385,Russia,2/13/2023
900,Kiele,Gotts,kgottsoz@tumblr.com,Female,78-298-0066,China,8/11/2022
901,Kahaleel,Pays,kpaysp0@redcross.org,Male,64-187-9482,Czech Republic,3/9/2023
902,Riordan,Pashby,rpashbyp1@nyu.edu,Genderfluid,69-106-3836,Philippines,10/18/2022
903,Clovis,Astell,castellp2@epa.gov,Genderqueer,57-775-5235,China,10/26/2022
904,Nico,Pegden,npegdenp3@myspace.com,Male,16-982-9228,Greece,4/19/2023
905,Roseanna,Spoors,rspoorsp4@seesaa.net,Female,02-882-6355,Greece,5/29/2022
906,Marje,Chomicki,mchomickip5@china.com.cn,Female,43-987-2946,China,12/19/2022
907,Virgilio,Pestridge,vpestridgep6@youtu.be,Male,77-267-2547,Russia,4/5/2023
908,Moria,Magarrell,mmagarrellp7@fotki.com,Female,59-197-1923,China,6/12/2022
909,Moreen,Danbury,mdanburyp8@ihg.com,Female,10-518-0370,Poland,4/24/2023
910,Arleyne,Waldram,awaldramp9@kickstarter.com,Female,47-989-7183,China,6/20/2022
911,Cameron,Dayment,cdaymentpa@jugem.jp,Male,99-681-9621,China,1/25/2023
912,Cindelyn,Dobbison,cdobbisonpb@va.gov,Female,38-090-7024,Greece,6/9/2022
913,Morris,de Glanville,mdeglanvillepc@slate.com,Genderfluid,81-956-4776,Yemen,10/14/2022
914,Pincas,Greader,pgreaderpd@tripod.com,Male,77-914-6615,Honduras,10/8/2022
915,Barde,Hume,bhumepe@flickr.com,Male,20-082-6526,France,10/2/2022
916,Bel,Bagshaw,bbagshawpf@cargocollective.com,Female,76-604-4328,Ireland,5/22/2023
917,Hilary,Bricknell,hbricknellpg@cisco.com,Male,66-049-1666,Kosovo,10/8/2022
918,Dudley,Spurgin,dspurginph@edublogs.org,Male,49-285-9687,Indonesia,1/5/2023
919,Anissa,Donnelly,adonnellypi@google.it,Female,33-823-0803,Philippines,10/25/2022
920,Amelina,Croughan,acroughanpj@diigo.com,Female,43-689-9772,Portugal,1/24/2023
921,Alair,Aysh,aayshpk@oaic.gov.au,Male,93-576-6808,Peru,6/3/2022
922,Lucienne,Burney,lburneypl@usnews.com,Female,05-059-9499,Indonesia,4/19/2023
923,Burke,Chrisp,bchrisppm@infoseek.co.jp,Male,37-189-5088,China,10/18/2022
924,Chucho,Hiom,chiompn@yandex.ru,Male,83-977-8967,Germany,2/27/2023
925,Carlene,Stearne,cstearnepo@digg.com,Female,07-161-6103,Canada,1/31/2023
926,Georgeanna,Beacroft,gbeacroftpp@dion.ne.jp,Agender,21-843-8424,Peru,4/17/2023
927,Cletus,Mardoll,cmardollpq@forbes.com,Male,97-650-9857,Cuba,5/12/2023
928,Bartel,Polendine,bpolendinepr@upenn.edu,Male,01-437-3194,Moldova,8/7/2022
929,Gabey,Klezmski,gklezmskips@imgur.com,Female,62-030-8956,China,8/19/2022
930,Evita,Jedrachowicz,ejedrachowiczpt@ftc.gov,Female,14-905-3691,Russia,9/13/2022
931,Dev,Thrustle,dthrustlepu@auda.org.au,Male,53-861-5347,Philippines,2/9/2023
932,Erinna,Franks,efrankspv@360.cn,Female,58-998-2572,Canada,4/29/2023
933,Vaughan,Connell,vconnellpw@comsenz.com,Bigender,23-671-1827,Azerbaijan,4/17/2023
934,Beniamino,Minet,bminetpx@google.fr,Polygender,48-898-0406,Iraq,10/26/2022
935,Alexis,Pyford,apyfordpy@netvibes.com,Male,73-342-0544,Italy,11/15/2022
936,Rosco,Minton,rmintonpz@soup.io,Male,97-944-9457,East Timor,3/29/2023
937,Alisander,Dagg,adaggq0@google.com,Male,35-778-6069,China,7/15/2022
938,Ardenia,Ellse,aellseq1@devhub.com,Polygender,19-879-6591,China,2/14/2023
939,Lynsey,Wallhead,lwallheadq2@gov.uk,Female,80-148-0740,Ukraine,8/22/2022
940,Leda,Durrett,ldurrettq3@edublogs.org,Female,14-687-5119,China,9/17/2022
941,Lorenza,Glawsop,lglawsopq4@dot.gov,Female,96-309-9622,China,12/2/2022
942,Garrick,Furphy,gfurphyq5@chicagotribune.com,Male,42-583-5990,Nigeria,2/17/2023
943,Beverly,Engelbrecht,bengelbrechtq6@xinhuanet.com,Female,95-293-2989,China,4/19/2023
944,Reece,Najafian,rnajafianq7@army.mil,Male,77-271-7764,China,11/20/2022
945,Killie,Bedberry,kbedberryq8@reddit.com,Male,34-364-7219,Russia,12/10/2022
946,Creighton,Tew,ctewq9@live.com,Male,20-970-0976,Russia,5/15/2023
947,Boonie,Benzies,bbenziesqa@people.com.cn,Male,12-049-2404,Bolivia,7/22/2022
948,Selle,Stitt,sstittqb@nbcnews.com,Female,48-890-5410,Greece,7/9/2022
949,Berton,Berrycloth,bberryclothqc@cafepress.com,Male,07-724-8416,Finland,1/2/2023
950,Zola,Knivett,zknivettqd@xrea.com,Female,82-636-9060,Indonesia,11/30/2022
951,Klarrisa,Capel,kcapelqe@exblog.jp,Female,68-859-3428,China,2/9/2023
952,Cordie,Bonifant,cbonifantqf@salon.com,Male,90-013-3064,China,10/2/2022
953,Fae,Spellar,fspellarqg@umn.edu,Female,72-610-2292,Indonesia,10/13/2022
954,Delano,Yoell,dyoellqh@list-manage.com,Male,01-026-2596,China,1/21/2023
955,Anni,Crome,acromeqi@patch.com,Female,74-997-8122,China,2/14/2023
956,Filberto,Duerden,fduerdenqj@feedburner.com,Male,32-896-5841,Poland,8/14/2022
957,Chrystel,Thomlinson,cthomlinsonqk@shinystat.com,Female,35-976-4372,Indonesia,1/10/2023
958,Sandra,Ovid,sovidql@wikispaces.com,Female,43-806-5893,China,4/9/2023
959,Tallie,Galland,tgallandqm@hhs.gov,Female,26-483-7064,Indonesia,2/18/2023
960,Waiter,Woltering,wwolteringqn@ted.com,Male,32-843-2688,China,9/29/2022
961,Mackenzie,Satchel,msatchelqo@oracle.com,Non-binary,70-778-3991,China,2/25/2023
962,Dietrich,Mathew,dmathewqp@php.net,Male,67-525-8546,Argentina,12/12/2022
963,Dari,Devall,ddevallqq@opera.com,Female,18-997-6230,China,10/19/2022
964,Vin,Pattle,vpattleqr@miitbeian.gov.cn,Female,59-160-5019,Cuba,7/23/2022
965,Herrick,Soldan,hsoldanqs@typepad.com,Agender,76-014-3595,Sri Lanka,12/12/2022
966,Dyanne,Hammerson,dhammersonqt@unblog.fr,Female,19-845-3833,El Salvador,6/24/2022
967,Barbara,Tessyman,btessymanqu@dailymotion.com,Female,84-621-7447,Russia,7/5/2022
968,Arnaldo,Prinn,aprinnqv@google.com.br,Male,29-405-0895,Thailand,12/29/2022
969,Cooper,Bresnahan,cbresnahanqw@adobe.com,Male,35-215-1335,Indonesia,8/9/2022
970,Susann,Concklin,sconcklinqx@parallels.com,Polygender,52-035-1528,Russia,5/8/2023
971,Petronella,Bromhead,pbromheadqy@storify.com,Female,64-352-5053,United States,3/8/2023
972,Dominick,Stilgoe,dstilgoeqz@kickstarter.com,Male,30-246-8092,Russia,5/15/2023
973,Gerik,Caudray,gcaudrayr0@yellowpages.com,Male,80-715-6548,Philippines,9/25/2022
974,Nolly,Mapholm,nmapholmr1@arstechnica.com,Polygender,29-899-1492,China,1/4/2023
975,Kelila,Scopyn,kscopynr2@mit.edu,Female,65-934-3260,China,11/18/2022
976,Vanessa,Loades,vloadesr3@nba.com,Female,76-254-6285,China,12/5/2022
977,Celle,Bollans,cbollansr4@usa.gov,Female,83-817-8924,Indonesia,10/22/2022
978,Niel,Swaddle,nswaddler5@yale.edu,Male,23-505-3312,Argentina,9/30/2022
979,Cecelia,Dyble,cdybler6@webmd.com,Female,76-832-2957,United States,8/26/2022
980,Kipp,Costley,kcostleyr7@google.de,Female,39-804-1542,United States,8/11/2022
981,Lou,Vergine,lverginer8@go.com,Female,98-078-5691,Sweden,8/1/2022
982,Veradis,Vasilov,vvasilovr9@bigcartel.com,Agender,59-455-2636,Estonia,5/30/2022
983,Cecile,Vanetti,cvanettira@bizjournals.com,Agender,52-888-3779,Indonesia,2/15/2023
984,Talbot,Tinkler,ttinklerrb@wordpress.com,Male,49-454-8315,Indonesia,6/12/2022
985,Benji,Veld,bveldrc@ask.com,Male,27-538-5971,Colombia,9/22/2022
986,Alyosha,Bayman,abaymanrd@wiley.com,Male,59-551-7017,France,6/17/2022
987,Bradan,Scroggins,bscrogginsre@un.org,Male,29-177-2021,United States,1/24/2023
988,Reinhold,Ollet,rolletrf@de.vu,Male,81-552-0960,Israel,7/10/2022
989,Louie,D'Elias,ldeliasrg@example.com,Male,53-666-0428,Argentina,3/7/2023
990,Siobhan,Bellany,sbellanyrh@bandcamp.com,Female,34-280-1800,Indonesia,9/27/2022
991,Cacilie,Peasnone,cpeasnoneri@histats.com,Female,38-679-7345,Colombia,5/31/2022
992,Norine,Kenwood,nkenwoodrj@wordpress.org,Agender,62-915-5244,North Korea,1/2/2023
993,Kirstyn,Finker,kfinkerrk@shop-pro.jp,Female,79-688-9737,China,6/7/2022
994,Irma,Creasey,icreaseyrl@elegantthemes.com,Female,83-820-0439,Philippines,3/6/2023
995,Cordelie,Cuerdale,ccuerdalerm@msn.com,Female,00-463-9341,Philippines,3/9/2023
996,Camey,Gillitt,cgillittrn@marriott.com,Male,09-985-0199,China,9/25/2022
997,Phyllis,Pound,ppoundro@google.co.uk,Female,39-268-0248,Philippines,12/7/2022
998,Arnaldo,Leavens,aleavensrp@dedecms.com,Male,15-371-8677,China,9/14/2022
999,Jamison,Yaknov,jyaknovrq@skyrock.com,Male,38-717-5670,Peru,3/12/2023
1000,Fletch,Lurriman,flurrimanrr@goo.ne.jp,Male,77-698-9958,Portugal,8/31/2022
